Billing ID,Hospital Name,Department Name,Service Type,Region,Usage Hours,Storage Used (GB),Monthly Cost,Date,Payment Status,Vendor Name,Resource ID,CPU Usage %,Memory Usage %,Forecast Demand,Cost Center
INV-10416,Apollo Hospitals,IT Dept,Database,eu-west-1,672.35,332.3,161.25,2023-01-01,Paid,Google Cloud,RES-9039,6.06,69.5,172.92,CC-889
INV-10730,Apollo Hospitals,Pharmacy,Security,eu-central-1,356.7,123.76,55.98,2023-01-01,Pending,Google Cloud,RES-9243,3.08,79.61,67.01,CC-637
INV-10892,Tata Memorial,IT Dept,Database,ap-southeast-1,231.12,234.74,59.04,2023-01-01,Paid,Google Cloud,RES-2579,18.15,20.9,59.61,CC-833
INV-10489,Apollo Hospitals,Oncology,Analytics,eu-west-1,294.47,314.15,50.45,2023-01-02,Overdue,AWS,RES-3131,37.92,16.99,53.22,CC-950
INV-10546,Apollo Hospitals,Oncology,Storage,ap-southeast-1,650.03,3379.9,165.1,2023-01-03,Paid,Azure,RES-2270,8.85,86.1,186.35,CC-906
INV-10208,Christian Medical College,Orthopedics,IoT Hub,us-west-2,672.0,11.96,101.04,2023-01-04,Paid,AWS,RES-7164,11.29,64.06,91.23,CC-877
INV-10595,Tata Memorial,Radiology,Database,eu-central-1,55.88,245.82,19.95,2023-01-04,Paid,Google Cloud,RES-9992,19.12,14.43,23.57,CC-277
INV-10337,Max Healthcare,Pediatrics,Compute,eu-central-1,697.87,290.54,132.59,2023-01-05,Paid,AWS,RES-2497,71.48,68.51,149.99,CC-611
INV-10513,Manipal Hospitals,Pediatrics,Networking,us-east-1,82.89,423.81,20.91,2023-01-05,Pending,Azure,RES-1606,9.2,45.33,22.45,CC-397
INV-10411,Tata Memorial,Radiology,Database,ap-south-1,487.69,415.84,122.21,2023-01-06,Paid,Google Cloud,RES-5127,1.23,18.3,126.34,CC-390
INV-10523,Tata Memorial,Radiology,Storage,eu-central-1,519.51,2610.88,130.14,2023-01-06,Paid,AWS,RES-1607,2.32,38.76,147.28,CC-502
INV-10676,Apollo Hospitals,Pharmacy,Database,ap-southeast-1,291.44,211.81,71.93,2023-01-06,Paid,AWS,RES-4724,19.02,48.62,70.31,CC-413
INV-10161,Apollo Hospitals,Cardiology,IoT Hub,ap-southeast-1,21.88,361.1,10.5,2023-01-07,Paid,Azure,RES-2753,11.18,34.37,11.65,CC-283
INV-10214,Fortis Healthcare,IT Dept,Compute,us-west-2,53.79,390.48,19.05,2023-01-07,Overdue,AWS,RES-5240,29.78,26.84,21.07,CC-186
INV-10599,Christian Medical College,Orthopedics,Database,us-west-2,621.78,365.18,150.86,2023-01-07,Pending,AWS,RES-9020,8.11,44.39,153.64,CC-493
INV-10664,Fortis Healthcare,Emergency,Networking,us-east-1,552.05,322.24,89.25,2023-01-07,Paid,AWS,RES-1153,1.83,31.11,84.14,CC-113
INV-10406,Medanta,Oncology,Backup,ap-south-1,536.41,301.91,86.5,2023-01-08,Paid,Azure,RES-4869,18.29,72.81,87.45,CC-901
INV-10461,Manipal Hospitals,Research,Compute,us-east-1,385.48,357.91,77.98,2023-01-08,Pending,Google Cloud,RES-9260,95.82,24.6,70.28,CC-319
INV-10457,AIIMS,IT Dept,Compute,us-east-1,350.46,155.79,66.82,2023-01-09,Pending,AWS,RES-3821,42.27,79.45,72.12,CC-450
INV-10672,Fortis Healthcare,Orthopedics,Security,us-east-1,267.3,236.96,44.83,2023-01-09,Pending,AWS,RES-3283,3.54,19.36,45.2,CC-897
INV-10958,Medanta,Neurology,Security,ap-southeast-1,451.52,295.16,73.63,2023-01-09,Overdue,Azure,RES-9021,19.84,41.04,77.61,CC-124
INV-10971,Max Healthcare,Oncology,Database,us-west-2,287.82,74.95,67.01,2023-01-09,Overdue,AWS,RES-5549,7.41,11.84,66.41,CC-662
INV-11140,Manipal Hospitals,Research,Database,eu-west-1,603.54,490.47,150.51,2023-01-09,Paid,Google Cloud,RES-8113,16.73,86.27,175.52,CC-245
INV-10844,Medanta,Pediatrics,Storage,eu-central-1,565.26,3303.2,150.85,2023-01-10,Paid,AWS,RES-1296,6.22,49.31,164.5,CC-330
INV-10548,Narayana Health,Orthopedics,Analytics,us-east-1,548.48,340.28,89.08,2023-01-11,Pending,AWS,RES-4838,73.12,26.28,96.88,CC-326
INV-10797,Narayana Health,Oncology,IoT Hub,us-east-1,579.71,45.13,87.86,2023-01-11,Paid,Google Cloud,RES-4448,14.39,87.54,93.65,CC-631
INV-10325,Tata Memorial,IT Dept,Networking,us-west-2,98.78,117.31,17.16,2023-01-12,Paid,AWS,RES-2045,5.78,73.23,16.53,CC-197
INV-10878,Manipal Hospitals,Pediatrics,Backup,ap-southeast-1,109.59,321.12,22.86,2023-01-12,Paid,Google Cloud,RES-7119,9.12,78.52,26.28,CC-624
INV-10031,Manipal Hospitals,Pediatrics,AI Services,us-west-2,42.81,491.97,40.65,2023-01-13,Paid,AWS,RES-7291,64.4,75.32,47.39,CC-835
INV-10839,Medanta,Emergency,Security,eu-west-1,395.35,89.36,61.09,2023-01-13,Paid,Azure,RES-1599,7.78,11.49,66.64,CC-465
INV-10933,AIIMS,Emergency,Networking,us-east-1,358.78,160.76,57.03,2023-01-13,Paid,Azure,RES-1903,10.2,43.05,64.78,CC-800
INV-10169,Tata Memorial,Research,IoT Hub,eu-central-1,73.63,277.11,16.59,2023-01-14,Paid,AWS,RES-2387,12.34,76.68,14.99,CC-897
INV-11169,Fortis Healthcare,Research,Networking,ap-south-1,685.66,244.82,107.75,2023-01-14,Paid,Azure,RES-8991,5.99,42.83,107.46,CC-874
INV-10327,Christian Medical College,Oncology,Database,ap-southeast-1,34.96,178.42,13.22,2023-01-15,Overdue,AWS,RES-8288,18.39,83.46,15.35,CC-661
INV-10481,Apollo Hospitals,Orthopedics,Database,ap-south-1,193.46,401.77,55.58,2023-01-15,Paid,AWS,RES-1906,13.51,24.96,66.09,CC-120
INV-10086,AIIMS,Neurology,Database,eu-west-1,75.15,265.24,24.87,2023-01-16,Paid,Google Cloud,RES-2391,8.15,48.56,24.71,CC-681
INV-10752,Fortis Healthcare,IT Dept,Security,ap-southeast-1,665.72,160.58,103.07,2023-01-16,Paid,Google Cloud,RES-9046,14.28,42.1,110.5,CC-358
INV-11053,AIIMS,Emergency,Database,eu-central-1,246.99,185.19,61.13,2023-01-16,Paid,Azure,RES-7640,6.85,51.35,72.03,CC-319
INV-11125,Apollo Hospitals,Cardiology,Database,us-west-2,426.12,167.29,100.9,2023-01-16,Paid,AWS,RES-7181,8.89,56.73,106.67,CC-804
INV-10459,Christian Medical College,Emergency,Storage,us-west-2,573.07,2591.72,137.79,2023-01-17,Paid,AWS,RES-2581,2.13,20.11,126.75,CC-872
INV-10150,Manipal Hospitals,Orthopedics,Compute,us-east-1,326.97,336.01,259.51,2023-01-18,Pending,Google Cloud,RES-1924,87.63,30.8,275.58,CC-894
INV-10555,Fortis Healthcare,IT Dept,Compute,us-east-1,277.95,445.04,60.71,2023-01-18,Paid,AWS,RES-8075,71.71,76.52,69.25,CC-725
INV-10895,AIIMS,Radiology,Database,ap-southeast-1,541.03,399.89,133.73,2023-01-18,Paid,Google Cloud,RES-4896,13.01,77.51,120.93,CC-955
INV-10247,Medanta,Pediatrics,Networking,eu-central-1,423.95,497.38,73.54,2023-01-19,Paid,Azure,RES-6873,16.5,39.17,81.33,CC-587
INV-10420,Medanta,IT Dept,IoT Hub,eu-central-1,250.89,168.86,41.01,2023-01-19,Paid,AWS,RES-9791,14.7,44.47,44.95,CC-794
INV-10470,Christian Medical College,Radiology,Networking,eu-central-1,33.33,278.33,10.57,2023-01-19,Paid,Azure,RES-7374,17.35,35.76,11.07,CC-832
INV-11129,Narayana Health,Emergency,Compute,us-east-1,503.75,428.64,100.96,2023-01-19,Pending,Azure,RES-1348,36.16,54.17,113.49,CC-745
INV-10221,Christian Medical College,Research,Backup,us-west-2,74.08,116.31,64.98,2023-01-20,Paid,Azure,RES-3907,5.16,54.75,62.41,CC-834
INV-10302,Fortis Healthcare,Oncology,Analytics,ap-southeast-1,633.2,265.71,100.29,2023-01-20,Paid,Google Cloud,RES-8069,76.96,17.92,117.4,CC-101
INV-10593,Manipal Hospitals,Oncology,Networking,us-west-2,179.03,362.65,34.11,2023-01-20,Paid,Google Cloud,RES-1648,19.78,47.72,32.07,CC-905
INV-10841,Christian Medical College,Cardiology,Compute,ap-south-1,114.19,488.42,32.28,2023-01-20,Paid,Azure,RES-5947,66.77,84.97,38.54,CC-752
INV-10929,Tata Memorial,Oncology,Analytics,us-east-1,674.06,444.12,109.99,2023-01-20,Paid,Google Cloud,RES-3955,80.63,20.22,129.84,CC-799
INV-11067,Manipal Hospitals,IT Dept,Backup,ap-south-1,589.88,334.22,329.13,2023-01-20,Pending,Google Cloud,RES-7504,12.01,43.56,318.12,CC-344
INV-11164,Narayana Health,Research,AI Services,eu-central-1,571.27,266.07,227.53,2023-01-20,Pending,Google Cloud,RES-1849,70.66,10.06,251.35,CC-477
INV-10360,Tata Memorial,IT Dept,IoT Hub,eu-west-1,185.65,264.71,33.14,2023-01-21,Paid,AWS,RES-5953,7.34,43.44,33.27,CC-740
INV-11133,Manipal Hospitals,Research,Backup,ap-south-1,92.24,152.0,16.88,2023-01-21,Paid,Google Cloud,RES-8813,11.54,77.47,19.14,CC-343
INV-10110,Apollo Hospitals,Pediatrics,AI Services,us-east-1,234.07,155.04,95.53,2023-01-22,Paid,AWS,RES-6848,45.44,79.31,87.03,CC-392
INV-10640,Narayana Health,Orthopedics,IoT Hub,eu-west-1,441.24,482.32,75.83,2023-01-22,Paid,Google Cloud,RES-3184,13.82,84.96,73.37,CC-959
INV-10687,AIIMS,Research,Analytics,ap-south-1,450.64,321.93,74.03,2023-01-22,Pending,Google Cloud,RES-7157,75.95,30.81,66.8,CC-397
INV-10759,Fortis Healthcare,Research,Analytics,us-west-2,83.88,248.3,17.55,2023-01-22,Pending,Azure,RES-1351,30.05,39.77,19.91,CC-333
INV-10108,Tata Memorial,Research,Storage,eu-central-1,461.33,4906.15,167.32,2023-01-23,Pending,Azure,RES-2698,5.82,11.38,167.9,CC-743
INV-11096,Fortis Healthcare,Neurology,Database,us-west-2,155.52,206.18,41.18,2023-01-23,Paid,Azure,RES-4616,19.92,16.17,49.12,CC-238
INV-11152,Apollo Hospitals,Oncology,Networking,ap-south-1,700.89,47.26,106.08,2023-01-23,Paid,Google Cloud,RES-7526,6.23,94.57,101.99,CC-204
INV-10472,Medanta,Radiology,Storage,us-east-1,101.02,1863.73,52.43,2023-01-24,Paid,Google Cloud,RES-6654,16.38,59.64,57.02,CC-538
INV-10538,Fortis Healthcare,Research,Security,eu-central-1,358.95,466.92,256.25,2023-01-24,Paid,Google Cloud,RES-9876,7.46,25.34,259.99,CC-201
INV-10126,Christian Medical College,Orthopedics,AI Services,ap-southeast-1,45.88,247.45,29.58,2023-01-25,Pending,Azure,RES-3194,88.53,65.61,31.38,CC-541
INV-10276,Manipal Hospitals,Research,Backup,eu-west-1,667.8,193.78,104.05,2023-01-25,Paid,Google Cloud,RES-4327,19.18,92.94,110.88,CC-357
INV-10587,Medanta,IT Dept,Storage,ap-southeast-1,558.41,3847.22,160.71,2023-01-25,Paid,AWS,RES-6523,18.65,41.84,149.05,CC-114
INV-10719,Apollo Hospitals,Cardiology,Backup,us-east-1,682.47,37.52,103.12,2023-01-25,Paid,AWS,RES-8548,7.26,62.08,101.16,CC-241
INV-10353,Max Healthcare,Radiology,Compute,eu-central-1,399.19,131.28,75.0,2023-01-26,Paid,Google Cloud,RES-8993,45.47,46.93,84.65,CC-302
INV-10021,Manipal Hospitals,Pediatrics,IoT Hub,eu-central-1,75.53,211.79,15.57,2023-01-27,Paid,Azure,RES-8239,6.26,10.3,16.99,CC-859
INV-10428,Medanta,Radiology,Analytics,us-east-1,666.65,87.94,101.76,2023-01-27,Pending,AWS,RES-6340,79.91,51.23,118.91,CC-706
INV-10566,Tata Memorial,Pediatrics,Database,ap-south-1,456.92,140.04,107.01,2023-01-28,Pending,AWS,RES-8711,3.4,53.2,112.01,CC-903
INV-10953,Fortis Healthcare,Neurology,Compute,us-east-1,245.37,44.97,45.25,2023-01-28,Paid,AWS,RES-6946,92.91,40.32,53.73,CC-167
INV-10989,Manipal Hospitals,Pharmacy,Backup,ap-south-1,469.96,114.91,72.79,2023-01-28,Paid,Azure,RES-3964,17.91,81.7,66.03,CC-949
INV-11105,Christian Medical College,Neurology,Compute,eu-west-1,173.11,350.13,39.56,2023-01-28,Paid,AWS,RES-3215,94.51,19.62,46.4,CC-855
INV-11192,Max Healthcare,Radiology,Networking,eu-west-1,399.07,86.63,61.59,2023-01-28,Overdue,Google Cloud,RES-9497,17.78,32.55,66.64,CC-576
INV-10623,Max Healthcare,Emergency,Networking,eu-west-1,78.19,487.08,21.47,2023-01-29,Paid,AWS,RES-7619,4.41,14.46,23.51,CC-252
INV-10344,Narayana Health,Research,Networking,ap-south-1,594.79,132.91,91.88,2023-01-30,Overdue,Google Cloud,RES-2658,1.77,15.98,108.73,CC-199
INV-10412,Manipal Hospitals,Cardiology,Storage,ap-southeast-1,676.34,3300.2,167.45,2023-01-30,Paid,AWS,RES-3128,16.87,90.79,186.28,CC-976
INV-10762,Apollo Hospitals,Cardiology,AI Services,us-east-1,99.97,90.3,42.0,2023-01-30,Paid,AWS,RES-7517,13.89,39.72,40.88,CC-720
INV-10768,Apollo Hospitals,Radiology,Networking,eu-central-1,583.25,276.65,93.02,2023-01-30,Paid,Google Cloud,RES-9501,19.1,89.26,111.37,CC-534
INV-10083,AIIMS,Neurology,Security,us-west-2,426.39,280.79,69.57,2023-01-31,Pending,Google Cloud,RES-1842,7.26,20.39,76.5,CC-988
INV-10138,Manipal Hospitals,Pediatrics,Security,ap-south-1,654.64,44.73,99.09,2023-01-31,Overdue,Google Cloud,RES-7846,11.91,55.49,117.03,CC-279
INV-10188,Max Healthcare,Pharmacy,Database,us-west-2,414.75,266.14,101.3,2023-01-31,Paid,AWS,RES-9428,12.34,24.31,100.06,CC-978
INV-10200,Fortis Healthcare,Cardiology,Backup,us-west-2,683.56,198.99,106.51,2023-01-31,Paid,AWS,RES-9791,6.44,70.57,109.39,CC-755
INV-10262,Max Healthcare,Neurology,Database,eu-west-1,706.91,422.17,171.72,2023-01-31,Paid,Google Cloud,RES-7221,2.97,87.45,183.86,CC-725
INV-11026,AIIMS,Orthopedics,Storage,eu-west-1,17.0,1721.15,36.97,2023-01-31,Paid,Google Cloud,RES-5370,12.86,33.56,35.83,CC-684
INV-11174,Tata Memorial,Neurology,IoT Hub,eu-central-1,439.6,417.46,74.29,2023-01-31,Paid,Google Cloud,RES-6706,15.4,10.57,72.1,CC-671
INV-10967,Apollo Hospitals,Pediatrics,Backup,us-west-2,54.58,172.11,11.63,2023-02-01,Pending,AWS,RES-8306,14.93,62.69,10.75,CC-833
INV-10627,AIIMS,Research,IoT Hub,ap-southeast-1,378.42,292.36,62.61,2023-02-02,Overdue,Azure,RES-3960,14.56,77.16,70.49,CC-220
INV-10865,Tata Memorial,Pediatrics,Compute,eu-west-1,653.36,66.27,119.2,2023-02-02,Paid,AWS,RES-9797,36.95,27.66,134.52,CC-200
INV-10924,Apollo Hospitals,Radiology,Compute,us-east-1,386.14,365.19,78.27,2023-02-02,Paid,Google Cloud,RES-1483,75.2,31.15,88.26,CC-285
INV-10005,Manipal Hospitals,Cardiology,Security,eu-central-1,159.8,471.45,33.4,2023-02-03,Overdue,Azure,RES-3340,17.65,36.75,34.02,CC-569
INV-10439,Medanta,IT Dept,Security,eu-west-1,143.73,441.99,30.4,2023-02-03,Paid,Google Cloud,RES-5521,2.66,43.21,36.1,CC-268
INV-10689,AIIMS,Emergency,AI Services,eu-central-1,235.27,498.22,113.14,2023-02-03,Paid,Azure,RES-8699,53.28,69.69,111.27,CC-259
INV-11048,AIIMS,Research,Backup,us-west-2,126.01,18.73,19.28,2023-02-03,Paid,AWS,RES-9085,14.82,76.9,22.65,CC-788
INV-11145,Fortis Healthcare,Orthopedics,Security,us-east-1,276.39,27.99,42.02,2023-02-03,Pending,AWS,RES-8424,13.32,16.81,38.74,CC-155
INV-11161,Narayana Health,Pharmacy,IoT Hub,ap-southeast-1,469.56,141.78,73.27,2023-02-03,Overdue,Google Cloud,RES-8231,9.59,56.38,83.75,CC-811
INV-10114,Apollo Hospitals,Oncology,Analytics,us-east-1,177.56,322.58,109.41,2023-02-04,Paid,AWS,RES-2259,42.23,90.7,113.24,CC-554
INV-10160,Apollo Hospitals,Emergency,Database,eu-west-1,512.09,4.57,115.36,2023-02-04,Paid,AWS,RES-8993,10.61,41.72,126.9,CC-594
INV-10691,Medanta,Pediatrics,Database,us-east-1,204.47,40.85,47.23,2023-02-05,Pending,AWS,RES-1880,17.6,48.37,45.54,CC-288
INV-10983,Narayana Health,Radiology,Compute,eu-central-1,359.64,272.56,71.28,2023-02-05,Pending,Azure,RES-4395,56.7,64.55,67.47,CC-933
INV-10503,Manipal Hospitals,Cardiology,Backup,ap-south-1,398.48,301.15,65.8,2023-02-06,Paid,AWS,RES-4411,2.76,31.69,74.44,CC-121
INV-10904,AIIMS,Pharmacy,AI Services,us-west-2,170.68,474.53,87.73,2023-02-06,Paid,Azure,RES-8264,22.5,44.12,94.38,CC-310
INV-11057,Fortis Healthcare,Pediatrics,Backup,ap-southeast-1,600.58,142.22,92.93,2023-02-06,Paid,Google Cloud,RES-9133,2.23,61.52,101.58,CC-198
INV-10674,Narayana Health,Cardiology,Compute,eu-west-1,348.55,296.96,69.87,2023-02-07,Paid,Google Cloud,RES-7823,24.08,22.49,68.02,CC-951
INV-10800,AIIMS,Oncology,Backup,us-east-1,368.2,351.74,62.26,2023-02-07,Overdue,AWS,RES-7408,14.92,11.71,66.15,CC-197
INV-11015,Tata Memorial,Oncology,Compute,eu-central-1,411.97,123.53,77.12,2023-02-07,Paid,Google Cloud,RES-8075,77.05,81.38,74.62,CC-161
INV-10022,Tata Memorial,Emergency,IoT Hub,us-east-1,680.99,345.51,109.06,2023-02-08,Paid,AWS,RES-6050,3.83,13.06,116.23,CC-142
INV-10063,Apollo Hospitals,Oncology,Networking,eu-west-1,343.34,484.6,61.19,2023-02-08,Pending,AWS,RES-9742,7.43,68.88,70.71,CC-979
INV-10962,Fortis Healthcare,Cardiology,Database,us-east-1,135.75,32.48,31.52,2023-02-08,Pending,AWS,RES-6589,11.87,30.14,29.08,CC-854
INV-10165,Apollo Hospitals,Orthopedics,Database,eu-west-1,222.49,281.98,58.52,2023-02-09,Paid,Azure,RES-3292,11.77,82.2,62.16,CC-857
INV-10669,Medanta,IT Dept,Security,ap-south-1,570.09,430.86,94.13,2023-02-09,Paid,Google Cloud,RES-8838,19.58,76.11,88.89,CC-915
INV-10779,Narayana Health,Neurology,Security,ap-southeast-1,659.39,326.66,105.44,2023-02-09,Pending,Google Cloud,RES-9808,12.5,48.16,112.91,CC-228
INV-11036,Manipal Hospitals,Cardiology,AI Services,ap-southeast-1,57.84,50.76,24.23,2023-02-09,Pending,Google Cloud,RES-3931,82.74,25.19,25.17,CC-840
INV-11111,Tata Memorial,IT Dept,Backup,eu-central-1,116.91,412.18,96.9,2023-02-09,Paid,Google Cloud,RES-1723,6.49,62.84,88.38,CC-126
INV-10717,Medanta,Pediatrics,Security,ap-south-1,405.08,156.59,63.89,2023-02-10,Pending,Azure,RES-7126,12.63,43.43,66.21,CC-224
INV-10964,AIIMS,Orthopedics,AI Services,us-east-1,284.7,312.73,122.4,2023-02-10,Pending,Google Cloud,RES-5719,27.14,79.49,128.35,CC-580
INV-10965,Apollo Hospitals,IT Dept,Database,ap-southeast-1,134.85,98.86,33.31,2023-02-10,Pending,AWS,RES-4083,3.73,56.07,36.97,CC-177
INV-11034,Fortis Healthcare,Pharmacy,IoT Hub,us-east-1,382.93,127.57,59.99,2023-02-10,Paid,Azure,RES-6105,3.83,22.04,69.67,CC-519
INV-10017,Tata Memorial,Research,Database,us-east-1,614.45,34.26,139.28,2023-02-11,Paid,Google Cloud,RES-1651,2.29,83.25,164.7,CC-692
INV-10806,Narayana Health,IT Dept,Analytics,ap-southeast-1,664.07,212.85,419.61,2023-02-11,Paid,Google Cloud,RES-2862,16.9,20.82,392.94,CC-990
INV-11029,AIIMS,IT Dept,AI Services,us-west-2,300.06,222.07,123.63,2023-02-11,Paid,AWS,RES-5451,23.38,85.49,139.11,CC-883
INV-10103,Tata Memorial,Neurology,IoT Hub,us-east-1,551.81,136.4,85.5,2023-02-12,Paid,Azure,RES-6727,18.2,22.52,101.23,CC-561
INV-10304,AIIMS,Oncology,Backup,eu-central-1,211.12,438.38,40.44,2023-02-12,Paid,AWS,RES-9515,8.76,26.07,45.97,CC-220
INV-10447,Tata Memorial,Orthopedics,Backup,us-west-2,392.27,222.73,63.3,2023-02-12,Paid,AWS,RES-9381,13.76,17.43,60.66,CC-719
INV-10648,AIIMS,IT Dept,Backup,ap-south-1,550.24,123.87,85.01,2023-02-12,Pending,Azure,RES-5052,3.9,53.46,96.06,CC-817
INV-10721,Manipal Hospitals,Neurology,Backup,ap-south-1,260.64,417.77,47.45,2023-02-12,Paid,Google Cloud,RES-1987,5.61,65.01,52.6,CC-606
INV-11118,AIIMS,Orthopedics,Compute,ap-south-1,338.0,20.39,61.33,2023-02-12,Overdue,Azure,RES-5761,44.73,90.36,58.08,CC-482
INV-10010,Manipal Hospitals,Cardiology,AI Services,ap-southeast-1,529.65,408.01,219.02,2023-02-13,Overdue,AWS,RES-5342,97.04,55.28,240.47,CC-269
INV-10045,Medanta,Research,Storage,ap-southeast-1,181.36,2061.82,68.44,2023-02-13,Paid,AWS,RES-2524,11.55,30.43,76.21,CC-117
INV-10407,Christian Medical College,Oncology,IoT Hub,us-east-1,696.82,297.77,110.48,2023-02-13,Paid,Azure,RES-8211,16.61,81.2,113.12,CC-776
INV-10465,AIIMS,IT Dept,IoT Hub,eu-west-1,94.64,197.41,18.14,2023-02-13,Paid,Google Cloud,RES-4261,14.21,93.09,21.18,CC-472
INV-10187,Medanta,Cardiology,Analytics,ap-south-1,321.74,496.98,58.2,2023-02-14,Paid,Azure,RES-8015,79.03,30.14,62.65,CC-827
INV-10202,Medanta,Emergency,AI Services,us-east-1,666.49,57.99,252.83,2023-02-14,Paid,AWS,RES-3248,64.49,14.68,277.46,CC-112
INV-10217,Christian Medical College,Emergency,IoT Hub,eu-central-1,208.64,68.62,32.67,2023-02-14,Pending,AWS,RES-1319,4.79,85.2,35.59,CC-913
INV-10517,Max Healthcare,Pharmacy,AI Services,ap-south-1,483.61,64.55,184.58,2023-02-14,Overdue,Google Cloud,RES-4845,27.75,61.49,189.16,CC-410
INV-10822,Christian Medical College,Neurology,Compute,us-east-1,141.82,295.57,32.62,2023-02-14,Paid,AWS,RES-5042,95.95,75.17,31.49,CC-183
INV-11011,AIIMS,Research,Networking,us-east-1,196.57,474.33,38.97,2023-02-14,Pending,AWS,RES-1395,7.8,44.11,45.67,CC-223
INV-10266,Fortis Healthcare,IT Dept,Analytics,ap-southeast-1,618.18,223.53,97.2,2023-02-15,Paid,Azure,RES-9996,20.56,52.28,90.47,CC-670
INV-10539,Max Healthcare,Pediatrics,Database,us-west-2,119.5,476.08,41.17,2023-02-15,Pending,Azure,RES-7388,13.89,15.01,39.29,CC-405
INV-10616,Medanta,Neurology,Backup,us-east-1,251.57,296.1,43.66,2023-02-15,Paid,AWS,RES-1027,4.57,90.07,40.96,CC-489
INV-10913,Narayana Health,Emergency,Security,us-west-2,246.97,308.2,43.21,2023-02-15,Paid,Azure,RES-2481,15.06,81.08,49.63,CC-839
INV-10483,Tata Memorial,Pharmacy,IoT Hub,ap-south-1,179.03,61.14,28.08,2023-02-16,Pending,Azure,RES-7928,16.33,37.99,28.56,CC-341
INV-10638,Medanta,Neurology,Backup,eu-central-1,460.62,38.35,69.86,2023-02-16,Paid,Azure,RES-1175,5.56,17.96,64.65,CC-604
INV-10926,Narayana Health,Oncology,Networking,ap-south-1,141.04,200.71,25.17,2023-02-16,Pending,Azure,RES-5223,5.31,93.78,25.22,CC-636
INV-10261,Narayana Health,Radiology,Analytics,ap-southeast-1,274.56,171.36,44.61,2023-02-17,Paid,Azure,RES-7909,20.13,44.02,51.33,CC-589
INV-10530,Fortis Healthcare,Oncology,Networking,eu-central-1,54.16,444.25,17.01,2023-02-17,Paid,AWS,RES-7468,10.05,47.92,17.99,CC-631
INV-10662,Manipal Hospitals,Emergency,Security,us-west-2,362.13,229.7,58.91,2023-02-17,Paid,Azure,RES-1344,16.5,24.97,69.69,CC-388
INV-10703,Medanta,Research,Database,ap-south-1,76.22,218.71,104.69,2023-02-17,Paid,AWS,RES-1414,12.95,60.43,123.13,CC-491
INV-10082,AIIMS,Radiology,Analytics,eu-central-1,231.91,156.26,37.91,2023-02-18,Paid,Azure,RES-2527,32.69,91.06,39.51,CC-187
INV-10051,Medanta,Pharmacy,Storage,ap-southeast-1,682.79,1078.55,123.99,2023-02-20,Paid,Google Cloud,RES-7693,5.01,66.14,118.06,CC-102
INV-10137,Fortis Healthcare,Emergency,Security,eu-west-1,493.65,68.73,75.42,2023-02-21,Pending,Azure,RES-8822,19.33,93.12,82.65,CC-587
INV-10229,AIIMS,Oncology,Networking,us-west-2,245.08,487.2,46.51,2023-02-21,Paid,AWS,RES-4891,8.78,57.1,49.4,CC-404
INV-10488,Christian Medical College,Emergency,Security,eu-west-1,595.32,349.24,96.28,2023-02-21,Pending,Azure,RES-1448,10.62,39.91,110.15,CC-564
INV-10609,AIIMS,Pharmacy,Storage,ap-south-1,12.19,4359.18,89.01,2023-02-21,Paid,Azure,RES-5578,8.63,81.01,80.79,CC-643
INV-10706,Fortis Healthcare,IT Dept,Security,us-west-2,358.64,10.98,54.02,2023-02-21,Paid,Azure,RES-8387,2.4,91.53,59.76,CC-421
INV-10790,Tata Memorial,Neurology,Security,us-east-1,671.98,397.1,108.74,2023-02-21,Paid,Azure,RES-1130,7.03,81.52,126.49,CC-749
INV-11056,Fortis Healthcare,Cardiology,Database,ap-south-1,37.65,291.43,17.21,2023-02-21,Paid,Azure,RES-9034,19.78,62.22,16.48,CC-500
INV-10714,Medanta,Pharmacy,AI Services,ap-southeast-1,408.28,358.13,171.01,2023-02-22,Paid,AWS,RES-8130,94.22,78.63,183.35,CC-798
INV-11150,Christian Medical College,Cardiology,AI Services,us-west-2,65.8,81.69,28.76,2023-02-22,Overdue,Google Cloud,RES-3168,43.8,28.6,33.0,CC-425
INV-10020,Tata Memorial,Cardiology,IoT Hub,ap-south-1,676.64,67.15,102.84,2023-02-23,Paid,Google Cloud,RES-6617,3.19,19.1,100.96,CC-834
INV-10751,Christian Medical College,Radiology,AI Services,eu-west-1,648.85,87.0,247.67,2023-02-23,Paid,AWS,RES-1613,89.43,74.24,227.69,CC-217
INV-11064,Narayana Health,Pharmacy,Security,ap-south-1,352.79,412.16,61.16,2023-02-23,Pending,AWS,RES-5480,10.52,27.94,67.13,CC-617
INV-10124,AIIMS,Oncology,Security,ap-southeast-1,236.57,233.24,40.15,2023-02-24,Paid,Google Cloud,RES-7850,6.08,31.07,39.63,CC-730
INV-10462,Christian Medical College,Radiology,Database,eu-central-1,138.4,177.41,36.46,2023-02-24,Overdue,Google Cloud,RES-8633,8.21,28.21,34.05,CC-226
INV-10679,Apollo Hospitals,Orthopedics,Backup,us-west-2,56.38,298.56,14.43,2023-02-24,Paid,Google Cloud,RES-2393,15.37,36.28,15.75,CC-375
INV-10874,Manipal Hospitals,Pharmacy,IoT Hub,eu-central-1,62.84,80.21,11.03,2023-02-24,Overdue,Azure,RES-7390,14.73,90.03,13.08,CC-899
INV-11082,Max Healthcare,Neurology,Compute,ap-southeast-1,642.9,21.26,116.23,2023-02-24,Overdue,AWS,RES-5056,82.05,44.51,110.14,CC-913
INV-10554,Apollo Hospitals,Pharmacy,Security,ap-south-1,346.24,479.4,61.52,2023-02-25,Paid,AWS,RES-8184,16.82,79.84,59.74,CC-714
INV-10711,AIIMS,Pharmacy,Backup,ap-south-1,441.18,214.66,70.47,2023-02-25,Paid,Google Cloud,RES-9378,11.78,41.79,64.78,CC-134
INV-11094,Narayana Health,Cardiology,Analytics,us-west-2,530.16,360.44,86.73,2023-02-25,Paid,AWS,RES-6847,47.81,69.16,83.25,CC-962
INV-10578,Max Healthcare,Radiology,Networking,eu-central-1,101.69,209.21,19.44,2023-02-26,Pending,AWS,RES-8081,15.12,43.06,18.7,CC-417
INV-10724,Fortis Healthcare,Oncology,Analytics,us-east-1,180.8,447.05,36.06,2023-02-26,Paid,Google Cloud,RES-2377,26.65,12.43,37.35,CC-663
INV-10757,Medanta,Emergency,Storage,ap-southeast-1,423.77,4687.79,604.56,2023-02-26,Pending,Google Cloud,RES-3282,19.71,65.52,580.47,CC-160
INV-10356,Manipal Hospitals,Radiology,Database,eu-west-1,535.1,121.52,124.04,2023-02-27,Paid,AWS,RES-2823,12.8,22.55,122.34,CC-923
INV-10667,Medanta,Orthopedics,Networking,eu-west-1,359.19,495.38,63.79,2023-02-27,Paid,Google Cloud,RES-2389,5.27,91.3,58.87,CC-469
INV-10993,Fortis Healthcare,Cardiology,Analytics,us-west-2,71.13,117.4,13.02,2023-02-27,Pending,AWS,RES-2036,87.41,59.28,12.77,CC-591
INV-10181,Max Healthcare,Radiology,Security,us-west-2,196.27,431.32,38.07,2023-02-28,Paid,Azure,RES-6766,11.03,64.32,41.24,CC-456
INV-10508,Narayana Health,Pediatrics,Compute,ap-southeast-1,535.77,231.44,390.89,2023-02-28,Paid,AWS,RES-8454,79.97,81.65,434.4,CC-841
INV-10866,Apollo Hospitals,Radiology,Compute,us-west-2,323.75,238.02,63.99,2023-03-01,Paid,Azure,RES-2827,18.89,60.1,63.35,CC-540
INV-10939,Max Healthcare,Orthopedics,Compute,eu-west-1,122.84,395.6,31.61,2023-03-01,Overdue,AWS,RES-7524,15.92,55.64,35.47,CC-832
INV-10050,Max Healthcare,Oncology,Backup,us-east-1,406.23,208.09,65.1,2023-03-02,Overdue,AWS,RES-8025,12.33,62.57,66.02,CC-404
INV-10148,Fortis Healthcare,Research,Database,eu-west-1,136.72,268.63,38.82,2023-03-02,Paid,Azure,RES-8585,11.05,71.87,34.98,CC-405
INV-10364,Narayana Health,Neurology,IoT Hub,ap-southeast-1,140.74,419.76,29.51,2023-03-02,Overdue,Google Cloud,RES-8258,3.76,12.51,35.17,CC-410
INV-10492,Max Healthcare,Neurology,Security,us-west-2,20.02,262.92,8.26,2023-03-02,Paid,Google Cloud,RES-4121,15.69,88.9,8.66,CC-308
INV-10905,Max Healthcare,Pediatrics,Security,us-east-1,379.64,262.12,62.19,2023-03-02,Pending,Google Cloud,RES-8444,15.66,60.87,64.15,CC-654
INV-10625,AIIMS,Pediatrics,Analytics,ap-south-1,92.81,61.03,15.14,2023-03-03,Overdue,AWS,RES-5484,67.09,87.22,16.29,CC-591
INV-11025,Fortis Healthcare,IT Dept,Networking,eu-central-1,109.21,61.46,55.31,2023-03-03,Paid,Azure,RES-2571,15.44,94.51,51.56,CC-230
INV-10106,AIIMS,Neurology,Backup,us-west-2,43.9,209.91,10.78,2023-03-04,Paid,Azure,RES-9443,16.08,48.85,12.63,CC-116
INV-10521,Fortis Healthcare,Oncology,Security,ap-south-1,612.5,219.55,96.27,2023-03-04,Paid,AWS,RES-3805,8.9,75.37,110.01,CC-617
INV-10628,Max Healthcare,Cardiology,IoT Hub,eu-central-1,37.79,287.54,11.42,2023-03-04,Paid,Azure,RES-9292,13.4,17.46,12.86,CC-227
INV-10713,Manipal Hospitals,Radiology,Security,us-west-2,16.84,344.15,9.41,2023-03-04,Paid,Azure,RES-7317,14.62,28.17,9.38,CC-167
INV-11115,Max Healthcare,Neurology,Storage,ap-south-1,624.33,1301.43,119.68,2023-03-04,Paid,AWS,RES-5237,11.04,85.67,134.23,CC-850
INV-10072,Fortis Healthcare,Emergency,Storage,ap-south-1,332.9,3380.5,117.54,2023-03-05,Paid,Google Cloud,RES-8724,13.77,59.69,138.94,CC-339
INV-10500,Christian Medical College,IT Dept,Compute,eu-west-1,258.22,101.87,48.92,2023-03-05,Paid,AWS,RES-4479,35.29,80.97,56.1,CC-779
INV-10600,Medanta,Pharmacy,Compute,eu-central-1,283.23,282.8,57.77,2023-03-05,Pending,AWS,RES-9005,27.29,47.09,67.82,CC-621
INV-10119,Tata Memorial,Emergency,Networking,ap-southeast-1,700.39,321.17,111.48,2023-03-06,Pending,AWS,RES-3981,9.55,67.81,129.69,CC-755
INV-10400,Narayana Health,Emergency,Database,ap-south-1,105.34,35.87,24.78,2023-03-06,Overdue,Google Cloud,RES-3248,1.3,71.31,25.55,CC-186
INV-10647,AIIMS,Oncology,Compute,us-east-1,120.43,250.0,27.68,2023-03-06,Overdue,AWS,RES-1131,78.3,30.1,27.75,CC-855
INV-11106,Apollo Hospitals,Research,Database,ap-southeast-1,180.74,25.38,41.43,2023-03-06,Paid,AWS,RES-9807,17.31,56.21,43.99,CC-637
INV-10550,Tata Memorial,Orthopedics,Database,us-east-1,539.64,63.72,123.33,2023-03-07,Paid,Google Cloud,RES-1378,18.74,82.72,137.97,CC-968
INV-10636,Tata Memorial,Pharmacy,Networking,eu-central-1,193.93,343.33,35.96,2023-03-07,Paid,Google Cloud,RES-7064,14.55,65.89,38.49,CC-842
INV-10263,Narayana Health,Pharmacy,Storage,eu-west-1,352.99,2466.21,102.27,2023-03-08,Paid,Google Cloud,RES-9598,17.86,47.46,112.14,CC-989
INV-11181,Medanta,Emergency,Database,eu-west-1,270.07,257.66,68.5,2023-03-08,Overdue,AWS,RES-4578,15.04,24.26,65.95,CC-638
INV-11198,Fortis Healthcare,Neurology,Networking,eu-central-1,658.43,20.93,99.18,2023-03-08,Pending,AWS,RES-8170,12.73,12.71,99.47,CC-641
INV-10070,Medanta,IT Dept,Storage,ap-southeast-1,73.99,1510.8,41.31,2023-03-09,Overdue,Azure,RES-9221,15.2,24.93,43.86,CC-643
INV-10193,Christian Medical College,Cardiology,Networking,us-west-2,636.32,150.93,98.47,2023-03-09,Paid,Google Cloud,RES-3711,17.61,84.51,99.27,CC-780
INV-10195,Apollo Hospitals,Radiology,Compute,eu-central-1,349.17,114.47,65.6,2023-03-09,Paid,Google Cloud,RES-3181,17.95,78.51,66.27,CC-491
INV-10199,Fortis Healthcare,Research,Storage,ap-south-1,284.66,4202.92,126.76,2023-03-09,Overdue,Azure,RES-1273,9.0,56.44,132.0,CC-174
INV-10716,Medanta,Cardiology,Storage,eu-central-1,607.57,2043.91,566.28,2023-03-09,Paid,Azure,RES-7800,18.02,88.03,521.45,CC-921
INV-11149,Manipal Hospitals,Orthopedics,Analytics,us-west-2,687.48,157.1,106.26,2023-03-09,Paid,AWS,RES-2296,73.63,24.56,126.27,CC-657
INV-10033,Apollo Hospitals,Research,AI Services,us-east-1,579.01,333.79,233.82,2023-03-10,Paid,Azure,RES-9270,97.92,60.61,272.97,CC-836
INV-10339,Manipal Hospitals,Cardiology,Networking,ap-south-1,187.99,19.74,28.59,2023-03-10,Paid,Google Cloud,RES-6696,14.43,57.52,29.93,CC-656
INV-10490,AIIMS,Radiology,Analytics,eu-central-1,195.08,343.73,36.14,2023-03-10,Paid,Google Cloud,RES-7182,83.58,77.96,37.02,CC-997
INV-11121,Tata Memorial,Oncology,Backup,ap-south-1,340.63,415.88,259.85,2023-03-10,Pending,Google Cloud,RES-4352,2.17,68.5,238.35,CC-344
INV-10074,Christian Medical College,Neurology,Compute,us-west-2,285.94,185.51,55.92,2023-03-11,Pending,Google Cloud,RES-2622,94.49,69.2,60.18,CC-524
INV-10147,Christian Medical College,Cardiology,Backup,eu-central-1,553.74,489.17,92.84,2023-03-11,Pending,AWS,RES-7154,13.27,45.73,94.21,CC-486
INV-10172,Christian Medical College,Radiology,Networking,eu-west-1,223.31,301.61,39.53,2023-03-11,Paid,Google Cloud,RES-9044,14.21,50.72,40.3,CC-852
INV-11107,Fortis Healthcare,Pediatrics,Backup,ap-south-1,597.96,22.01,90.13,2023-03-11,Paid,Google Cloud,RES-9486,10.32,81.22,102.48,CC-191
INV-10363,Max Healthcare,Pharmacy,IoT Hub,eu-west-1,229.39,352.57,41.46,2023-03-12,Paid,AWS,RES-3589,10.95,21.5,49.45,CC-678
INV-10000,Fortis Healthcare,Cardiology,Backup,us-west-2,532.89,338.35,86.7,2023-03-13,Paid,AWS,RES-1434,17.95,17.39,78.81,CC-617
INV-10105,Max Healthcare,Cardiology,Backup,eu-central-1,548.78,234.56,298.55,2023-03-13,Overdue,Google Cloud,RES-9647,12.69,87.0,282.09,CC-723
INV-10129,Tata Memorial,IT Dept,Database,ap-southeast-1,242.86,306.53,63.84,2023-03-13,Paid,Google Cloud,RES-9351,4.09,94.2,63.19,CC-948
INV-10718,Fortis Healthcare,Cardiology,AI Services,us-east-1,84.65,161.43,39.82,2023-03-13,Overdue,AWS,RES-9807,71.2,47.03,38.12,CC-477
INV-10903,Manipal Hospitals,Pharmacy,Compute,us-east-1,112.09,411.22,30.05,2023-03-13,Pending,Azure,RES-7865,78.05,78.59,29.23,CC-761
INV-11063,Fortis Healthcare,IT Dept,Security,us-west-2,180.42,301.96,33.1,2023-03-13,Pending,AWS,RES-6910,19.18,87.12,33.94,CC-746
INV-10287,Medanta,Radiology,Storage,ap-southeast-1,97.5,74.9,16.12,2023-03-14,Pending,Google Cloud,RES-6633,12.34,55.66,15.98,CC-843
INV-10421,Max Healthcare,Pharmacy,AI Services,us-east-1,357.12,9.53,134.4,2023-03-14,Paid,AWS,RES-1818,90.74,62.56,147.12,CC-747
INV-10857,Max Healthcare,Radiology,Networking,eu-west-1,658.21,397.78,106.69,2023-03-14,Pending,Azure,RES-5009,4.99,18.26,98.39,CC-603
INV-10937,Manipal Hospitals,Radiology,Networking,us-east-1,435.11,310.88,71.48,2023-03-14,Overdue,AWS,RES-4356,5.91,88.39,79.56,CC-417
INV-10684,Max Healthcare,Pharmacy,Analytics,us-east-1,554.09,154.77,86.21,2023-03-15,Paid,AWS,RES-5843,87.21,77.78,90.49,CC-273
INV-10670,Fortis Healthcare,Neurology,Networking,eu-west-1,74.22,497.39,21.08,2023-03-16,Paid,Azure,RES-6463,4.46,42.73,21.65,CC-523
INV-10479,Apollo Hospitals,Research,AI Services,ap-south-1,180.67,373.22,86.41,2023-03-17,Overdue,Azure,RES-4335,78.13,81.75,100.07,CC-749
INV-11051,Apollo Hospitals,Pharmacy,Backup,ap-south-1,404.06,422.24,69.05,2023-03-17,Paid,AWS,RES-9287,5.16,91.28,65.32,CC-655
INV-10053,AIIMS,Neurology,IoT Hub,us-west-2,654.97,413.32,106.51,2023-03-18,Paid,Google Cloud,RES-8195,2.36,24.1,119.79,CC-395
INV-10862,Narayana Health,Orthopedics,Backup,us-west-2,207.6,389.01,38.92,2023-03-18,Overdue,AWS,RES-9587,16.0,65.25,40.39,CC-112
INV-11059,Medanta,Radiology,AI Services,us-west-2,509.3,18.4,191.91,2023-03-18,Paid,Azure,RES-2203,15.23,84.39,230.19,CC-840
INV-11143,Medanta,Orthopedics,Backup,eu-central-1,180.83,398.14,35.09,2023-03-18,Paid,Google Cloud,RES-8838,6.9,53.27,32.01,CC-268
INV-11173,Narayana Health,Cardiology,Storage,ap-southeast-1,504.96,3234.39,140.43,2023-03-18,Paid,Azure,RES-7273,3.07,90.78,127.87,CC-567
INV-10062,Christian Medical College,Emergency,Networking,eu-west-1,361.68,18.51,54.62,2023-03-19,Paid,Google Cloud,RES-8486,10.54,60.17,63.48,CC-638
INV-10132,Manipal Hospitals,Cardiology,Analytics,ap-south-1,303.2,101.95,47.52,2023-03-19,Pending,Azure,RES-3262,54.66,61.98,54.86,CC-822
INV-10882,Apollo Hospitals,Cardiology,AI Services,ap-south-1,193.79,111.44,78.24,2023-03-19,Pending,Azure,RES-6810,70.03,37.76,86.03,CC-688
INV-11055,AIIMS,IT Dept,Compute,eu-west-1,714.2,1.04,128.58,2023-03-19,Paid,Google Cloud,RES-6853,25.8,21.35,129.87,CC-946
INV-10338,Narayana Health,Cardiology,Storage,ap-south-1,507.94,3967.76,155.55,2023-03-20,Pending,Google Cloud,RES-8187,3.39,29.78,176.79,CC-924
INV-10598,AIIMS,Neurology,Backup,ap-southeast-1,402.53,87.85,62.14,2023-03-20,Paid,Google Cloud,RES-3238,8.23,36.0,66.41,CC-441
INV-10943,Christian Medical College,Orthopedics,Storage,eu-central-1,682.24,2552.69,153.39,2023-03-20,Paid,Azure,RES-2136,5.28,63.31,171.24,CC-551
INV-10917,Manipal Hospitals,IT Dept,Storage,us-west-2,483.94,1405.25,100.7,2023-03-21,Paid,Google Cloud,RES-4538,10.4,80.83,98.04,CC-763
INV-10889,Manipal Hospitals,Pediatrics,Security,ap-southeast-1,307.66,87.32,47.9,2023-03-22,Paid,Azure,RES-3660,10.85,22.87,52.72,CC-212
INV-10951,Apollo Hospitals,Orthopedics,AI Services,ap-south-1,478.35,468.56,692.17,2023-03-22,Paid,Google Cloud,RES-3553,48.43,90.17,740.77,CC-863
INV-10009,Tata Memorial,Pharmacy,AI Services,us-west-2,392.96,389.31,166.83,2023-03-24,Overdue,Azure,RES-6038,57.2,10.05,151.12,CC-999
INV-10324,AIIMS,Pharmacy,Networking,us-east-1,253.97,156.74,41.23,2023-03-24,Pending,AWS,RES-6950,13.41,70.39,42.0,CC-899
INV-10340,Narayana Health,IT Dept,Backup,ap-southeast-1,58.9,77.51,10.39,2023-03-24,Paid,Google Cloud,RES-4039,6.62,32.38,9.35,CC-488
INV-10487,Medanta,Neurology,AI Services,ap-south-1,660.28,315.68,263.39,2023-03-24,Pending,AWS,RES-9055,88.27,75.17,239.73,CC-942
INV-10544,Narayana Health,Orthopedics,IoT Hub,ap-south-1,534.82,281.54,85.85,2023-03-24,Paid,AWS,RES-8077,6.71,43.6,80.86,CC-386
INV-10753,Christian Medical College,Pediatrics,AI Services,us-west-2,318.18,264.26,652.01,2023-03-24,Paid,Google Cloud,RES-1085,80.31,17.31,605.63,CC-243
INV-10944,Manipal Hospitals,Pharmacy,IoT Hub,ap-south-1,111.79,482.09,26.41,2023-03-24,Paid,Google Cloud,RES-6270,2.08,68.2,28.0,CC-273
INV-10242,Max Healthcare,IT Dept,IoT Hub,ap-south-1,604.73,129.33,289.15,2023-03-25,Pending,Azure,RES-4626,16.79,17.68,334.3,CC-319
INV-10265,Apollo Hospitals,Oncology,IoT Hub,eu-central-1,63.15,245.82,14.39,2023-03-26,Paid,Azure,RES-4850,5.58,92.46,13.91,CC-512
INV-10384,Apollo Hospitals,Radiology,Networking,eu-west-1,415.4,194.78,66.21,2023-03-26,Paid,Google Cloud,RES-5448,12.31,83.49,73.6,CC-132
INV-10536,Apollo Hospitals,IT Dept,Backup,eu-west-1,512.12,286.0,82.54,2023-03-26,Paid,AWS,RES-9877,16.13,70.13,77.35,CC-297
INV-10657,AIIMS,IT Dept,IoT Hub,ap-southeast-1,320.8,254.64,53.21,2023-03-26,Paid,AWS,RES-4568,11.69,43.17,51.19,CC-685
INV-10808,Tata Memorial,Radiology,Security,ap-southeast-1,110.48,261.63,21.8,2023-03-26,Paid,Google Cloud,RES-4450,4.88,62.19,23.02,CC-573
INV-11054,AIIMS,Orthopedics,Backup,us-west-2,248.64,298.99,43.28,2023-03-26,Pending,Google Cloud,RES-9853,12.28,82.52,40.02,CC-253
INV-11109,Apollo Hospitals,Cardiology,Storage,us-east-1,547.87,4049.46,163.17,2023-03-26,Paid,Azure,RES-9831,12.13,17.02,193.51,CC-902
INV-10015,Apollo Hospitals,Research,Storage,us-east-1,298.55,2432.72,93.44,2023-03-27,Paid,AWS,RES-8454,17.43,86.71,84.16,CC-902
INV-10588,Manipal Hospitals,Neurology,AI Services,us-east-1,524.05,22.01,197.62,2023-03-27,Paid,Google Cloud,RES-7472,55.61,79.33,215.02,CC-654
INV-11188,Manipal Hospitals,Research,IoT Hub,us-west-2,240.82,181.85,39.76,2023-03-27,Paid,AWS,RES-5370,19.32,77.09,42.23,CC-415
INV-11195,Fortis Healthcare,Cardiology,Database,eu-west-1,563.25,364.88,496.41,2023-03-27,Paid,Google Cloud,RES-9378,12.15,39.6,517.95,CC-852
INV-10358,AIIMS,Pharmacy,IoT Hub,us-east-1,52.68,100.35,9.91,2023-03-29,Paid,Azure,RES-5445,14.23,33.06,11.73,CC-776
INV-10431,Max Healthcare,Neurology,Analytics,eu-central-1,549.84,109.93,84.67,2023-03-29,Overdue,Azure,RES-4763,36.27,23.33,100.4,CC-691
INV-10605,Tata Memorial,Emergency,Backup,eu-west-1,135.24,93.2,22.15,2023-03-29,Paid,Azure,RES-4041,3.55,51.35,20.67,CC-317
INV-10956,Max Healthcare,Emergency,Analytics,eu-central-1,554.67,293.09,89.06,2023-03-29,Paid,Azure,RES-9057,97.91,40.8,95.43,CC-120
INV-11168,Max Healthcare,Radiology,Networking,us-west-2,296.59,294.56,50.38,2023-03-29,Paid,Google Cloud,RES-9265,17.5,28.89,57.16,CC-328
INV-11172,Narayana Health,Radiology,AI Services,us-east-1,269.94,443.05,123.38,2023-03-30,Paid,AWS,RES-8329,82.76,50.45,130.46,CC-536
INV-10029,Manipal Hospitals,Emergency,Networking,eu-west-1,447.02,150.47,70.06,2023-03-31,Paid,Google Cloud,RES-6279,11.41,10.03,72.09,CC-770
INV-10152,Medanta,Pediatrics,Storage,ap-southeast-1,454.46,2164.64,111.46,2023-03-31,Pending,Google Cloud,RES-7821,10.42,92.64,122.76,CC-426
INV-10563,Apollo Hospitals,Cardiology,AI Services,us-west-2,165.45,131.0,68.59,2023-03-31,Paid,Azure,RES-2657,25.51,82.04,65.76,CC-368
INV-10853,Max Healthcare,IT Dept,Security,eu-west-1,345.24,356.4,58.91,2023-03-31,Paid,AWS,RES-5014,4.8,21.28,53.56,CC-570
INV-11139,Christian Medical College,Emergency,Storage,eu-west-1,541.99,1582.03,112.94,2023-03-31,Paid,Azure,RES-6927,18.92,71.57,109.11,CC-716
INV-10957,Narayana Health,Radiology,Compute,ap-south-1,105.81,150.05,22.65,2023-04-01,Paid,AWS,RES-6254,45.03,22.71,25.76,CC-749
INV-10284,Narayana Health,Cardiology,Compute,us-east-1,573.89,279.04,110.0,2023-04-02,Paid,AWS,RES-6183,61.17,29.35,111.81,CC-543
INV-10306,Manipal Hospitals,Emergency,IoT Hub,ap-southeast-1,272.85,277.46,46.48,2023-04-02,Pending,Azure,RES-2951,5.82,36.07,51.67,CC-975
INV-10373,Max Healthcare,Radiology,Database,us-west-2,556.1,25.66,125.89,2023-04-02,Paid,AWS,RES-4323,6.85,72.06,124.21,CC-234
INV-10248,Tata Memorial,Pediatrics,Database,eu-west-1,218.59,235.39,56.24,2023-04-03,Overdue,Google Cloud,RES-2463,15.08,71.64,66.01,CC-443
INV-10883,Max Healthcare,Orthopedics,Database,us-west-2,81.64,266.71,26.37,2023-04-03,Paid,Azure,RES-6166,18.95,13.35,26.49,CC-991
INV-10499,Apollo Hospitals,Orthopedics,Database,us-east-1,35.46,130.11,11.88,2023-04-04,Paid,AWS,RES-8949,14.41,47.1,14.0,CC-465
INV-10637,Manipal Hospitals,Pharmacy,Networking,eu-west-1,321.66,177.0,51.79,2023-04-04,Pending,Azure,RES-4748,9.9,34.38,54.7,CC-933
INV-10288,Manipal Hospitals,Emergency,IoT Hub,us-west-2,166.76,417.37,33.36,2023-04-05,Pending,AWS,RES-8557,4.69,25.42,38.55,CC-662
INV-10365,Medanta,Oncology,AI Services,us-east-1,28.6,492.98,35.37,2023-04-05,Paid,AWS,RES-6886,64.91,61.48,38.16,CC-126
INV-10413,AIIMS,Pharmacy,Database,us-east-1,189.87,233.48,49.73,2023-04-05,Paid,Google Cloud,RES-6298,18.79,64.3,48.88,CC-783
INV-10460,Fortis Healthcare,Pharmacy,AI Services,ap-southeast-1,486.13,14.63,183.03,2023-04-05,Paid,AWS,RES-9202,22.95,73.43,196.56,CC-975
INV-10562,Christian Medical College,Radiology,Networking,us-west-2,596.52,3.36,89.55,2023-04-05,Paid,Azure,RES-6896,1.19,40.42,84.42,CC-746
INV-10754,Narayana Health,Emergency,IoT Hub,us-east-1,494.48,478.87,83.75,2023-04-05,Pending,Azure,RES-6768,14.84,54.89,80.59,CC-612
INV-10464,Manipal Hospitals,Research,Networking,ap-south-1,618.31,447.38,101.69,2023-04-07,Paid,Azure,RES-2723,16.25,89.82,91.91,CC-788
INV-10722,Manipal Hospitals,Cardiology,AI Services,eu-central-1,356.23,170.23,142.1,2023-04-07,Overdue,Azure,RES-8438,82.45,74.74,141.25,CC-825
INV-10834,AIIMS,Neurology,AI Services,us-west-2,41.42,150.97,23.08,2023-04-07,Paid,Azure,RES-8875,18.26,42.65,21.82,CC-791
INV-10942,Christian Medical College,Pharmacy,Storage,eu-west-1,555.67,3638.31,156.12,2023-04-07,Paid,Google Cloud,RES-6736,1.83,11.21,180.76,CC-279
INV-10069,Medanta,Orthopedics,Security,us-west-2,450.83,338.88,74.4,2023-04-08,Overdue,Google Cloud,RES-1645,14.7,66.03,80.98,CC-761
INV-10386,Tata Memorial,Cardiology,Analytics,ap-southeast-1,251.48,241.74,42.56,2023-04-08,Paid,AWS,RES-3174,87.78,36.38,48.13,CC-628
INV-10511,Medanta,Neurology,Database,us-west-2,89.46,7.94,20.37,2023-04-08,Paid,AWS,RES-9824,19.44,83.02,22.3,CC-546
INV-10816,Narayana Health,Emergency,AI Services,ap-southeast-1,281.54,89.5,110.05,2023-04-08,Paid,Google Cloud,RES-6381,76.54,10.91,116.41,CC-417
INV-10969,Christian Medical College,Pediatrics,Analytics,ap-south-1,171.96,85.28,27.5,2023-04-08,Pending,Google Cloud,RES-8596,71.49,44.83,27.43,CC-512
INV-11182,Max Healthcare,Research,Compute,eu-west-1,603.8,63.15,110.2,2023-04-08,Paid,AWS,RES-7179,63.99,84.69,119.91,CC-160
INV-10014,Apollo Hospitals,Emergency,Security,us-east-1,145.05,224.31,26.24,2023-04-09,Paid,AWS,RES-2604,9.02,33.68,30.88,CC-982
INV-10047,Medanta,Pediatrics,AI Services,us-east-1,234.04,371.44,106.34,2023-04-09,Paid,Google Cloud,RES-9595,94.63,68.66,119.27,CC-703
INV-10140,Christian Medical College,Oncology,IoT Hub,eu-central-1,584.26,165.34,90.95,2023-04-09,Paid,Azure,RES-4164,14.89,65.1,82.24,CC-402
INV-10426,Narayana Health,Emergency,Storage,ap-southeast-1,93.43,2674.49,67.5,2023-04-09,Paid,AWS,RES-4409,2.82,40.76,71.68,CC-888
INV-10565,Fortis Healthcare,Neurology,Database,us-west-2,388.11,347.18,97.74,2023-04-09,Pending,AWS,RES-4098,7.04,46.51,114.97,CC-701
INV-11100,Apollo Hospitals,Neurology,Storage,eu-west-1,132.17,826.92,36.36,2023-04-09,Paid,Azure,RES-2003,15.01,72.26,35.0,CC-571
INV-10733,AIIMS,Radiology,AI Services,eu-west-1,663.66,188.89,258.32,2023-04-10,Overdue,AWS,RES-9632,19.61,33.28,274.72,CC-997
INV-10269,Max Healthcare,Emergency,Compute,ap-south-1,143.16,465.11,36.93,2023-04-11,Paid,Google Cloud,RES-1761,44.97,48.85,41.18,CC-524
INV-10320,Medanta,Orthopedics,IoT Hub,eu-central-1,113.55,479.57,26.62,2023-04-11,Overdue,Azure,RES-9470,3.84,78.48,27.95,CC-969
INV-10791,Manipal Hospitals,Oncology,Networking,us-west-2,198.35,75.72,31.27,2023-04-11,Pending,Google Cloud,RES-4509,16.46,72.35,30.01,CC-628
INV-10241,Apollo Hospitals,IT Dept,Storage,ap-south-1,204.52,4126.36,113.21,2023-04-12,Paid,Google Cloud,RES-8308,10.6,64.01,102.93,CC-708
INV-10335,AIIMS,IT Dept,AI Services,eu-west-1,337.19,385.5,145.72,2023-04-12,Paid,AWS,RES-3598,56.38,93.48,160.94,CC-430
INV-10577,Apollo Hospitals,Pharmacy,Analytics,us-east-1,59.34,481.5,18.53,2023-04-12,Paid,AWS,RES-1180,35.26,29.81,17.07,CC-630
INV-10692,Fortis Healthcare,Emergency,Security,ap-south-1,257.99,209.55,42.89,2023-04-12,Paid,AWS,RES-7375,10.03,68.55,47.57,CC-809
INV-11186,Max Healthcare,Neurology,Analytics,eu-west-1,324.46,358.6,55.84,2023-04-12,Pending,AWS,RES-6338,29.34,57.98,53.37,CC-129
INV-10116,Christian Medical College,Orthopedics,Backup,eu-west-1,97.07,426.41,23.09,2023-04-13,Paid,Azure,RES-6236,9.59,86.39,21.39,CC-965
INV-10258,Christian Medical College,Orthopedics,AI Services,ap-south-1,264.12,204.88,109.29,2023-04-14,Paid,Google Cloud,RES-1044,24.27,56.59,120.93,CC-340
INV-10367,Medanta,Emergency,AI Services,eu-west-1,548.02,33.07,207.16,2023-04-14,Paid,Google Cloud,RES-5043,92.51,93.78,216.89,CC-568
INV-10560,AIIMS,Radiology,AI Services,us-west-2,567.54,170.78,221.37,2023-04-14,Paid,Google Cloud,RES-6499,69.44,69.06,239.06,CC-692
INV-10568,AIIMS,Pharmacy,Storage,us-west-2,330.98,1210.2,73.85,2023-04-14,Pending,AWS,RES-2388,5.15,46.13,69.95,CC-360
INV-10665,Fortis Healthcare,Research,Security,eu-west-1,108.85,379.84,23.92,2023-04-14,Paid,AWS,RES-5382,17.96,79.31,24.96,CC-656
INV-10018,Fortis Healthcare,Emergency,IoT Hub,ap-south-1,485.51,157.09,75.97,2023-04-15,Overdue,Azure,RES-1152,6.05,21.12,78.79,CC-174
INV-11101,Christian Medical College,Orthopedics,Database,us-east-1,270.32,378.29,72.17,2023-04-15,Pending,AWS,RES-8761,15.46,80.95,79.85,CC-262
INV-10145,Narayana Health,Research,Analytics,us-east-1,519.01,244.41,82.74,2023-04-16,Paid,Google Cloud,RES-1945,90.0,47.87,77.74,CC-677
INV-10178,Max Healthcare,Radiology,Backup,ap-south-1,379.99,174.15,60.48,2023-04-16,Paid,Azure,RES-2885,2.85,71.37,55.65,CC-827
INV-10267,Apollo Hospitals,Neurology,Backup,ap-southeast-1,474.76,228.1,75.78,2023-04-16,Paid,Google Cloud,RES-8751,7.48,80.15,87.4,CC-885
INV-10936,Christian Medical College,Orthopedics,Storage,us-east-1,649.23,625.84,109.9,2023-04-16,Paid,Azure,RES-7388,6.52,86.87,129.09,CC-281
INV-10155,Fortis Healthcare,Orthopedics,IoT Hub,us-west-2,627.33,166.48,97.43,2023-04-17,Paid,Azure,RES-8846,19.18,11.3,115.81,CC-872
INV-10873,Christian Medical College,Pediatrics,Storage,eu-west-1,480.06,1316.85,98.35,2023-04-17,Paid,AWS,RES-4267,16.82,12.01,99.8,CC-856
INV-10318,Christian Medical College,Radiology,Storage,us-east-1,279.39,548.7,52.88,2023-04-18,Paid,Google Cloud,RES-6621,7.87,83.26,51.76,CC-727
INV-10357,Medanta,IT Dept,Analytics,us-east-1,535.41,105.94,82.43,2023-04-18,Overdue,Azure,RES-1301,58.63,73.78,89.59,CC-811
INV-10573,AIIMS,Orthopedics,AI Services,eu-west-1,346.85,257.91,142.96,2023-04-18,Pending,Google Cloud,RES-4077,79.95,74.4,148.45,CC-420
INV-10604,Fortis Healthcare,Pharmacy,Security,us-west-2,670.31,198.99,104.53,2023-04-18,Paid,Azure,RES-7845,6.85,93.9,94.13,CC-813
INV-11193,Tata Memorial,Research,Analytics,ap-south-1,502.26,361.02,82.56,2023-04-18,Paid,Google Cloud,RES-1662,88.19,66.72,80.17,CC-162
INV-10255,Apollo Hospitals,Orthopedics,AI Services,eu-west-1,531.19,294.85,213.94,2023-04-19,Pending,AWS,RES-9761,25.04,41.16,194.94,CC-361
INV-10509,Christian Medical College,Pharmacy,Backup,ap-south-1,141.41,373.51,28.68,2023-04-19,Paid,AWS,RES-1217,12.48,84.09,30.41,CC-219
INV-11134,Tata Memorial,Research,Database,eu-central-1,175.96,187.15,45.21,2023-04-19,Paid,AWS,RES-1778,14.75,14.54,46.81,CC-720
INV-10019,Christian Medical College,Pharmacy,Compute,us-east-1,369.18,66.23,68.04,2023-04-20,Paid,Google Cloud,RES-5956,41.06,15.85,67.05,CC-656
INV-10423,Narayana Health,Neurology,IoT Hub,us-west-2,552.6,296.54,88.82,2023-04-20,Paid,Azure,RES-3703,7.37,20.26,91.0,CC-666
INV-10911,Apollo Hospitals,Emergency,Networking,eu-west-1,412.52,12.07,62.12,2023-04-21,Pending,AWS,RES-5153,18.97,18.4,70.85,CC-969
INV-10973,Medanta,Oncology,AI Services,ap-southeast-1,305.61,6.48,114.93,2023-04-21,Paid,Azure,RES-3120,37.41,23.48,127.02,CC-224
INV-10012,Narayana Health,Cardiology,IoT Hub,us-west-2,15.11,353.92,34.21,2023-04-23,Paid,Google Cloud,RES-4510,2.12,15.73,36.07,CC-597
INV-10143,Fortis Healthcare,Pediatrics,Security,ap-southeast-1,689.73,239.09,108.24,2023-04-23,Overdue,AWS,RES-9806,9.64,94.05,120.21,CC-875
INV-10185,Christian Medical College,Oncology,Compute,ap-southeast-1,217.38,137.43,42.43,2023-04-23,Pending,AWS,RES-9369,57.85,24.3,47.64,CC-662
INV-10618,Tata Memorial,IT Dept,Security,us-west-2,364.88,227.89,59.29,2023-04-23,Pending,Azure,RES-6245,12.43,22.4,67.61,CC-713
INV-11091,Christian Medical College,Emergency,Backup,us-west-2,321.07,66.74,49.5,2023-04-23,Paid,Azure,RES-3370,15.84,64.84,59.2,CC-757
INV-10073,Apollo Hospitals,Pharmacy,IoT Hub,ap-south-1,469.83,317.7,76.83,2023-04-24,Paid,Google Cloud,RES-5986,9.82,69.59,71.84,CC-138
INV-10079,Tata Memorial,Pharmacy,Compute,eu-central-1,681.25,21.68,123.15,2023-04-24,Overdue,Google Cloud,RES-8847,79.71,83.69,127.76,CC-162
INV-10268,Narayana Health,IT Dept,Compute,us-east-1,11.56,177.57,6.34,2023-04-24,Paid,Google Cloud,RES-9067,66.4,77.99,6.42,CC-268
INV-10343,Christian Medical College,Research,Backup,us-east-1,440.23,35.44,66.74,2023-04-24,Paid,Azure,RES-1994,18.67,27.74,77.88,CC-920
INV-10456,Max Healthcare,Neurology,AI Services,us-west-2,600.42,397.55,245.03,2023-04-24,Pending,Google Cloud,RES-2867,59.72,68.62,282.72,CC-819
INV-10506,Apollo Hospitals,Research,Security,eu-central-1,469.8,356.82,77.61,2023-04-25,Paid,Google Cloud,RES-8825,18.68,54.82,71.8,CC-181
INV-10947,Christian Medical College,Oncology,Analytics,ap-southeast-1,112.53,318.55,23.25,2023-04-25,Paid,Azure,RES-8073,25.52,92.23,27.08,CC-121
INV-10311,Tata Memorial,Pharmacy,Security,ap-south-1,440.52,97.26,68.02,2023-04-26,Paid,Azure,RES-9243,18.66,58.87,69.53,CC-174
INV-10727,Manipal Hospitals,Neurology,IoT Hub,us-east-1,636.65,349.76,102.49,2023-04-26,Paid,Azure,RES-4370,8.69,43.4,117.58,CC-607
INV-10773,Tata Memorial,IT Dept,Security,us-east-1,53.18,357.27,15.12,2023-04-27,Paid,Google Cloud,RES-1732,5.92,31.88,17.5,CC-835
INV-11042,Medanta,Emergency,AI Services,us-west-2,651.6,126.46,250.67,2023-04-27,Paid,AWS,RES-5020,45.53,70.6,241.0,CC-152
INV-10941,Apollo Hospitals,IT Dept,Analytics,us-east-1,37.0,194.03,9.43,2023-04-28,Paid,AWS,RES-3338,17.44,68.96,9.72,CC-856
INV-11160,Apollo Hospitals,Radiology,Storage,ap-southeast-1,480.24,2734.3,126.72,2023-04-28,Paid,Google Cloud,RES-5884,19.53,60.85,133.34,CC-233
INV-10052,Christian Medical College,Pharmacy,Analytics,ap-south-1,214.55,141.36,35.01,2023-04-29,Pending,AWS,RES-4241,86.5,16.05,34.29,CC-703
INV-10682,Max Healthcare,IT Dept,Compute,eu-west-1,637.93,403.74,124.52,2023-04-29,Paid,AWS,RES-9573,68.23,75.35,148.07,CC-846
INV-10077,Fortis Healthcare,Research,AI Services,ap-southeast-1,243.28,73.78,94.92,2023-04-30,Paid,AWS,RES-3858,90.15,10.24,89.55,CC-356
INV-10194,Apollo Hospitals,Emergency,Backup,eu-west-1,314.75,45.6,48.12,2023-04-30,Paid,Google Cloud,RES-1152,2.81,28.14,51.88,CC-555
INV-10211,AIIMS,Radiology,Security,eu-central-1,63.03,101.36,11.48,2023-04-30,Paid,Azure,RES-2978,15.82,59.7,10.9,CC-516
INV-10219,Apollo Hospitals,IT Dept,IoT Hub,ap-south-1,701.53,50.07,106.23,2023-04-30,Paid,Google Cloud,RES-7363,13.48,32.65,124.84,CC-324
INV-10295,Christian Medical College,Orthopedics,Compute,ap-south-1,40.39,103.39,9.75,2023-04-30,Paid,Azure,RES-6309,90.79,40.71,10.1,CC-764
INV-10570,Medanta,Emergency,Storage,us-west-2,198.59,425.65,38.3,2023-04-30,Paid,Azure,RES-4731,18.13,35.03,40.75,CC-383
INV-10945,Narayana Health,Cardiology,Database,us-east-1,14.19,1.71,3.24,2023-04-30,Pending,Google Cloud,RES-9938,2.11,42.94,3.75,CC-136
INV-10395,AIIMS,Pharmacy,Security,ap-southeast-1,132.89,334.8,26.63,2023-05-01,Paid,Google Cloud,RES-2599,15.05,70.51,24.88,CC-433
INV-10758,Manipal Hospitals,Research,Security,eu-west-1,360.42,402.83,62.12,2023-05-01,Paid,AWS,RES-7819,11.71,61.85,70.96,CC-172
INV-10078,Fortis Healthcare,Cardiology,Database,us-east-1,428.09,7.89,96.56,2023-05-02,Paid,Azure,RES-6931,6.04,20.77,90.2,CC-559
INV-10101,Apollo Hospitals,Emergency,Security,eu-west-1,698.41,305.3,110.87,2023-05-02,Overdue,Google Cloud,RES-8684,15.3,76.62,107.74,CC-903
INV-10769,Medanta,Oncology,Networking,eu-central-1,103.63,7.59,15.7,2023-05-02,Paid,Google Cloud,RES-7465,16.19,90.83,15.31,CC-445
INV-10434,AIIMS,Orthopedics,Database,ap-south-1,469.82,45.36,107.07,2023-05-03,Pending,Azure,RES-8452,10.12,35.91,123.92,CC-124
INV-10984,Christian Medical College,Oncology,Compute,ap-south-1,50.13,341.76,17.23,2023-05-03,Paid,AWS,RES-4811,12.16,64.65,17.98,CC-876
INV-10066,Fortis Healthcare,Pharmacy,Networking,ap-southeast-1,363.34,291.58,60.33,2023-05-04,Pending,Google Cloud,RES-5712,5.41,64.22,66.37,CC-576
INV-10246,Medanta,Pediatrics,AI Services,us-west-2,648.78,402.71,263.43,2023-05-04,Pending,Google Cloud,RES-9148,81.41,61.0,290.89,CC-771
INV-10315,Manipal Hospitals,IT Dept,AI Services,us-west-2,629.65,103.39,241.29,2023-05-04,Paid,Google Cloud,RES-9071,28.05,31.22,228.45,CC-180
INV-10814,Christian Medical College,Radiology,Backup,ap-southeast-1,407.7,188.65,64.93,2023-05-04,Paid,AWS,RES-4504,8.33,50.33,68.6,CC-719
INV-10179,Apollo Hospitals,Radiology,Compute,eu-west-1,376.36,275.96,74.37,2023-05-05,Paid,AWS,RES-8080,39.46,46.24,84.73,CC-290
INV-10673,Medanta,IT Dept,Database,ap-southeast-1,159.62,112.29,39.28,2023-05-05,Pending,Azure,RES-7958,15.19,19.97,37.04,CC-812
INV-10778,Narayana Health,Pediatrics,AI Services,ap-southeast-1,243.37,399.5,111.24,2023-05-05,Paid,Azure,RES-7716,97.0,29.63,132.57,CC-555
INV-10832,Manipal Hospitals,IT Dept,Networking,eu-central-1,551.77,47.91,83.72,2023-05-05,Pending,Google Cloud,RES-7956,3.44,74.86,94.77,CC-939
INV-10004,Medanta,Neurology,Database,ap-southeast-1,126.02,189.73,34.05,2023-05-06,Pending,Google Cloud,RES-1916,19.8,64.4,37.64,CC-894
INV-10158,Manipal Hospitals,Radiology,AI Services,eu-central-1,364.5,327.3,153.05,2023-05-06,Paid,Google Cloud,RES-8550,70.95,31.87,182.12,CC-602
INV-10473,Narayana Health,Emergency,Security,us-east-1,185.81,324.04,34.35,2023-05-06,Paid,Google Cloud,RES-9821,12.26,87.38,34.06,CC-120
INV-11095,Fortis Healthcare,Emergency,Analytics,ap-southeast-1,240.55,428.9,44.66,2023-05-06,Paid,AWS,RES-1269,41.76,74.51,46.8,CC-675
INV-10149,Tata Memorial,Emergency,IoT Hub,eu-central-1,337.04,77.56,52.11,2023-05-07,Paid,AWS,RES-1256,4.58,84.39,47.4,CC-729
INV-10501,Apollo Hospitals,Research,Database,eu-central-1,555.46,338.45,135.13,2023-05-07,Paid,AWS,RES-2737,17.86,12.21,149.21,CC-704
INV-10601,Narayana Health,Cardiology,Networking,eu-central-1,182.07,17.25,27.66,2023-05-07,Paid,Google Cloud,RES-8462,16.45,63.63,30.68,CC-367
INV-10633,Narayana Health,Emergency,Networking,us-east-1,65.04,62.31,11.0,2023-05-07,Paid,Google Cloud,RES-5476,3.09,56.61,12.01,CC-441
INV-10023,Narayana Health,Cardiology,Security,us-west-2,483.52,176.84,76.06,2023-05-08,Overdue,Google Cloud,RES-3662,11.64,84.35,85.56,CC-342
INV-10253,Manipal Hospitals,Cardiology,Storage,eu-west-1,170.65,4391.08,113.42,2023-05-08,Paid,Google Cloud,RES-5885,6.93,18.73,112.49,CC-146
INV-10494,Medanta,Pediatrics,AI Services,ap-southeast-1,272.44,342.13,119.27,2023-05-08,Paid,Azure,RES-4476,50.78,10.88,118.91,CC-803
INV-10507,Medanta,Oncology,Database,eu-west-1,381.4,147.74,290.17,2023-05-08,Paid,Azure,RES-5151,1.91,16.51,298.14,CC-776
INV-10289,Tata Memorial,Neurology,Backup,eu-west-1,79.72,362.79,19.21,2023-05-09,Paid,AWS,RES-2143,10.26,38.12,21.07,CC-734
INV-10756,Tata Memorial,Radiology,Storage,us-west-2,287.2,1821.63,79.51,2023-05-09,Paid,Azure,RES-9192,17.58,23.42,84.31,CC-630
INV-11073,Narayana Health,Oncology,Networking,us-west-2,524.97,455.46,87.85,2023-05-09,Paid,Google Cloud,RES-3627,12.79,92.4,105.21,CC-450
INV-10583,Tata Memorial,Radiology,Networking,eu-central-1,157.23,22.32,24.03,2023-05-10,Paid,AWS,RES-4185,1.51,64.3,24.96,CC-508
INV-11086,Apollo Hospitals,Neurology,Networking,ap-southeast-1,500.82,288.31,80.89,2023-05-10,Pending,AWS,RES-5095,16.47,59.32,78.84,CC-336
INV-11089,Christian Medical College,IT Dept,Backup,eu-central-1,12.17,231.79,6.46,2023-05-10,Paid,AWS,RES-2809,2.17,85.56,6.7,CC-523
INV-10361,Manipal Hospitals,Research,Backup,us-east-1,633.86,445.2,103.98,2023-05-12,Paid,Google Cloud,RES-3248,16.48,12.5,102.32,CC-502
INV-10480,AIIMS,Pediatrics,Backup,eu-west-1,497.67,118.06,353.8,2023-05-12,Paid,AWS,RES-7914,5.53,22.75,351.38,CC-546
INV-10842,AIIMS,Emergency,Storage,us-west-2,522.33,3726.29,152.88,2023-05-12,Paid,Google Cloud,RES-9422,2.51,87.55,173.99,CC-410
INV-10864,Christian Medical College,Pharmacy,IoT Hub,us-west-2,576.06,91.34,88.24,2023-05-12,Paid,AWS,RES-5354,18.79,82.89,98.41,CC-723
INV-11097,Manipal Hospitals,Orthopedics,Security,us-east-1,18.31,293.75,8.62,2023-05-12,Paid,AWS,RES-4878,3.29,33.83,8.92,CC-448
INV-11122,Manipal Hospitals,Orthopedics,Security,us-west-2,426.86,441.74,72.86,2023-05-12,Paid,Google Cloud,RES-8450,3.32,71.92,83.19,CC-828
INV-10313,Christian Medical College,Pharmacy,Storage,eu-central-1,57.96,3186.63,72.43,2023-05-13,Overdue,AWS,RES-9776,19.89,67.54,72.05,CC-628
INV-10540,Fortis Healthcare,Radiology,Database,eu-central-1,276.61,413.87,74.65,2023-05-13,Paid,Azure,RES-9264,3.3,27.22,80.31,CC-870
INV-10772,Fortis Healthcare,IT Dept,Database,ap-south-1,627.03,63.61,142.99,2023-05-13,Paid,Azure,RES-4018,12.98,22.49,130.82,CC-139
INV-10329,Fortis Healthcare,IT Dept,Backup,ap-south-1,120.56,5.28,18.19,2023-05-14,Paid,Azure,RES-9059,10.94,74.45,17.94,CC-804
INV-10469,Manipal Hospitals,Pediatrics,Analytics,eu-central-1,395.13,404.74,67.36,2023-05-14,Pending,Google Cloud,RES-7285,58.11,11.5,80.64,CC-221
INV-10518,Manipal Hospitals,Research,Storage,us-east-1,263.5,835.1,175.84,2023-05-14,Paid,Azure,RES-4671,16.73,86.03,180.97,CC-223
INV-10826,Tata Memorial,Orthopedics,Backup,us-west-2,32.33,57.65,6.0,2023-05-14,Paid,Azure,RES-1554,13.51,25.85,6.46,CC-486
INV-10940,Medanta,Research,Backup,ap-south-1,87.03,59.7,14.25,2023-05-14,Paid,Google Cloud,RES-9490,16.63,85.14,15.2,CC-230
INV-10961,AIIMS,Emergency,Security,us-west-2,402.19,244.42,65.22,2023-05-14,Paid,Azure,RES-9336,6.07,87.64,60.36,CC-426
INV-10204,Narayana Health,Emergency,Backup,ap-southeast-1,515.75,288.33,83.13,2023-05-15,Paid,AWS,RES-3577,2.46,48.69,87.28,CC-476
INV-10308,Max Healthcare,IT Dept,Networking,us-east-1,167.46,40.02,25.92,2023-05-15,Paid,AWS,RES-1941,1.72,42.67,28.1,CC-828
INV-10781,Christian Medical College,Cardiology,Database,us-east-1,553.51,355.69,135.21,2023-05-15,Paid,Azure,RES-2196,9.93,18.58,155.51,CC-270
INV-11183,Apollo Hospitals,Neurology,IoT Hub,us-west-2,357.57,101.98,55.68,2023-05-15,Paid,Azure,RES-2426,11.5,39.33,62.92,CC-823
INV-10408,Max Healthcare,Orthopedics,Security,us-east-1,546.39,58.0,83.12,2023-05-16,Pending,Google Cloud,RES-4828,4.18,43.89,93.41,CC-645
INV-10334,Apollo Hospitals,Radiology,Compute,us-west-2,560.71,35.69,101.78,2023-05-17,Pending,AWS,RES-5078,51.84,26.34,116.56,CC-224
INV-10646,Apollo Hospitals,Oncology,AI Services,eu-central-1,94.34,244.53,47.6,2023-05-17,Pending,Google Cloud,RES-9222,54.11,67.95,53.57,CC-509
INV-10238,Narayana Health,Orthopedics,Storage,eu-west-1,646.89,150.15,100.04,2023-05-18,Paid,Azure,RES-4734,16.53,35.76,104.79,CC-200
INV-10632,Tata Memorial,Orthopedics,Compute,eu-west-1,716.71,348.4,137.37,2023-05-18,Paid,Google Cloud,RES-3514,27.14,41.63,157.45,CC-529
INV-10700,Apollo Hospitals,Radiology,AI Services,ap-southeast-1,634.52,132.25,244.56,2023-05-18,Overdue,Azure,RES-1535,84.63,77.59,237.83,CC-524
INV-10829,Manipal Hospitals,Research,Compute,eu-central-1,687.33,200.38,128.53,2023-05-18,Overdue,Azure,RES-4251,12.54,53.54,149.86,CC-636
INV-10257,Medanta,Emergency,Compute,eu-west-1,452.19,350.36,89.8,2023-05-19,Paid,Google Cloud,RES-2741,47.28,86.38,97.46,CC-903
INV-10425,Christian Medical College,Oncology,AI Services,us-west-2,381.39,206.02,515.16,2023-05-19,Overdue,Google Cloud,RES-5934,93.49,61.9,540.9,CC-742
INV-10737,Tata Memorial,Research,Database,us-east-1,111.28,366.53,36.03,2023-05-19,Overdue,Google Cloud,RES-7328,9.21,88.05,32.77,CC-354
INV-11023,Narayana Health,Orthopedics,Networking,eu-central-1,672.06,229.54,105.4,2023-05-19,Paid,Google Cloud,RES-7440,7.49,31.65,98.79,CC-663
INV-10037,Tata Memorial,Research,AI Services,eu-central-1,319.44,14.51,120.52,2023-05-20,Paid,AWS,RES-9751,39.92,67.73,114.44,CC-230
INV-10054,Fortis Healthcare,IT Dept,Backup,eu-west-1,365.34,246.9,59.74,2023-05-20,Paid,Azure,RES-4750,2.53,13.39,59.54,CC-193
INV-10410,Tata Memorial,Radiology,Networking,ap-southeast-1,247.83,133.54,39.85,2023-05-20,Pending,Google Cloud,RES-4193,2.87,65.62,45.11,CC-851
INV-11084,Manipal Hospitals,Emergency,Storage,eu-west-1,419.45,3662.76,136.17,2023-05-20,Paid,Google Cloud,RES-4153,16.99,51.88,140.11,CC-497
INV-10484,Manipal Hospitals,Oncology,Compute,us-west-2,322.03,127.15,61.02,2023-05-21,Paid,AWS,RES-8780,62.46,51.68,72.29,CC-533
INV-10310,Narayana Health,Orthopedics,Storage,us-west-2,563.57,1797.98,120.5,2023-05-22,Paid,AWS,RES-5661,8.51,59.82,135.09,CC-192
INV-10922,Max Healthcare,Neurology,Security,us-east-1,414.53,473.68,71.65,2023-05-22,Overdue,Google Cloud,RES-4525,14.83,70.66,79.62,CC-505
INV-11087,Apollo Hospitals,Neurology,Networking,us-west-2,691.17,287.29,109.42,2023-05-22,Paid,AWS,RES-8324,13.39,70.97,98.93,CC-311
INV-10375,Fortis Healthcare,Pharmacy,Storage,us-west-2,450.03,2809.87,123.7,2023-05-23,Paid,Google Cloud,RES-1531,16.68,14.16,135.57,CC-974
INV-10467,Christian Medical College,Pharmacy,Networking,eu-central-1,114.64,227.32,21.74,2023-05-23,Paid,Google Cloud,RES-1865,3.32,51.59,25.71,CC-855
INV-10710,Medanta,Oncology,AI Services,eu-west-1,692.93,51.45,262.42,2023-05-24,Pending,Google Cloud,RES-8309,80.59,59.94,252.38,CC-543
INV-10621,AIIMS,Neurology,IoT Hub,eu-west-1,504.43,97.55,77.62,2023-05-25,Paid,Azure,RES-1886,17.27,43.47,87.38,CC-924
INV-10635,Fortis Healthcare,Research,Security,eu-west-1,401.59,303.73,66.31,2023-05-25,Paid,Google Cloud,RES-9711,18.03,24.51,67.43,CC-859
INV-10802,Manipal Hospitals,Emergency,IoT Hub,ap-south-1,654.44,266.6,103.5,2023-05-26,Paid,Azure,RES-2774,5.65,11.46,105.37,CC-659
INV-11126,Narayana Health,IT Dept,Analytics,ap-south-1,594.36,298.04,95.11,2023-05-26,Paid,Google Cloud,RES-7027,95.47,87.17,110.77,CC-501
INV-10686,Fortis Healthcare,Pharmacy,Analytics,us-east-1,294.67,428.5,52.77,2023-05-27,Overdue,Azure,RES-2367,91.63,20.96,60.87,CC-482
INV-10780,Manipal Hospitals,Emergency,Database,ap-southeast-1,252.52,58.98,58.59,2023-05-27,Pending,Azure,RES-3947,8.76,52.93,61.42,CC-302
INV-11017,AIIMS,Oncology,AI Services,ap-southeast-1,362.96,37.53,137.99,2023-05-28,Pending,Google Cloud,RES-1654,63.38,45.47,153.35,CC-891
INV-10003,Manipal Hospitals,Neurology,Storage,eu-west-1,709.51,4283.82,192.1,2023-05-29,Paid,AWS,RES-4432,17.46,42.31,220.96,CC-463
INV-10139,Max Healthcare,Cardiology,Networking,eu-central-1,632.49,4.63,94.97,2023-05-29,Overdue,AWS,RES-9590,11.79,19.12,93.58,CC-656
INV-10260,Christian Medical College,Cardiology,Compute,us-west-2,265.75,338.38,55.96,2023-05-29,Paid,AWS,RES-3793,47.91,19.85,65.31,CC-241
INV-10332,AIIMS,Orthopedics,Compute,us-west-2,88.35,227.67,21.37,2023-05-29,Paid,AWS,RES-1362,50.3,69.54,21.29,CC-647
INV-10397,Apollo Hospitals,Oncology,Database,eu-central-1,286.89,288.97,73.22,2023-05-30,Overdue,Google Cloud,RES-8122,4.72,67.93,78.42,CC-411
INV-10454,Narayana Health,Emergency,Security,us-east-1,386.02,468.16,67.27,2023-05-30,Pending,Azure,RES-6285,10.76,75.15,62.45,CC-656
INV-10847,Fortis Healthcare,Orthopedics,IoT Hub,ap-south-1,543.11,225.75,85.98,2023-05-30,Paid,Azure,RES-1383,9.88,23.25,93.48,CC-525
INV-10280,Manipal Hospitals,Orthopedics,Security,ap-south-1,165.1,376.33,32.29,2023-05-31,Paid,Azure,RES-6668,11.08,94.71,38.57,CC-784
INV-10370,Medanta,Pediatrics,Analytics,us-west-2,445.33,27.27,67.34,2023-05-31,Pending,Azure,RES-3945,56.01,22.09,69.73,CC-215
INV-10556,Fortis Healthcare,Neurology,Storage,ap-southeast-1,613.45,2038.33,132.78,2023-05-31,Paid,AWS,RES-7290,12.73,44.94,150.87,CC-564
INV-10660,Tata Memorial,Pediatrics,Database,eu-central-1,240.49,28.63,54.97,2023-05-31,Paid,Google Cloud,RES-9804,16.5,80.03,65.39,CC-116
INV-10275,Medanta,Pediatrics,Database,us-east-1,154.84,270.59,42.96,2023-06-01,Paid,Google Cloud,RES-7371,7.81,48.47,47.37,CC-329
INV-10282,Tata Memorial,Research,Analytics,eu-central-1,647.78,96.26,99.09,2023-06-01,Paid,AWS,RES-2072,55.74,90.6,117.61,CC-107
INV-11002,Fortis Healthcare,Orthopedics,Storage,us-east-1,95.96,969.28,33.78,2023-06-01,Paid,AWS,RES-7602,15.75,16.06,40.04,CC-466
INV-10134,Christian Medical College,Orthopedics,AI Services,ap-south-1,169.66,486.46,87.95,2023-06-02,Paid,Google Cloud,RES-5480,36.49,34.57,97.76,CC-457
INV-10182,Christian Medical College,Pharmacy,Database,eu-west-1,662.26,295.08,157.86,2023-06-02,Paid,Google Cloud,RES-9369,13.77,36.62,147.61,CC-244
INV-10739,Tata Memorial,Orthopedics,Backup,ap-south-1,412.33,314.16,68.13,2023-06-02,Paid,AWS,RES-6132,11.37,41.96,70.25,CC-552
INV-10117,Narayana Health,Neurology,IoT Hub,ap-southeast-1,614.47,355.9,99.29,2023-06-03,Paid,Azure,RES-3275,18.62,64.2,104.52,CC-305
INV-10766,Apollo Hospitals,Pediatrics,Backup,ap-southeast-1,597.3,42.25,90.44,2023-06-03,Paid,Azure,RES-4677,6.3,61.83,104.8,CC-145
INV-10876,Narayana Health,Emergency,Database,us-west-2,417.6,280.92,102.39,2023-06-03,Paid,Google Cloud,RES-5774,9.33,37.87,112.45,CC-936
INV-11079,Narayana Health,Neurology,Analytics,ap-south-1,298.88,13.07,45.09,2023-06-03,Paid,Google Cloud,RES-2640,35.38,25.71,42.44,CC-713
INV-10348,Medanta,Pharmacy,Storage,ap-southeast-1,14.66,4922.75,100.65,2023-06-04,Pending,AWS,RES-9376,5.08,36.77,119.07,CC-666
INV-10496,Apollo Hospitals,Pediatrics,IoT Hub,ap-southeast-1,704.04,335.63,377.25,2023-06-04,Paid,Azure,RES-8669,3.51,85.84,358.75,CC-447
INV-10894,Manipal Hospitals,Pediatrics,Database,eu-west-1,243.32,486.98,69.36,2023-06-04,Pending,Google Cloud,RES-6373,13.7,54.19,80.81,CC-234
INV-10651,Apollo Hospitals,Research,Networking,eu-west-1,88.14,181.79,16.86,2023-06-05,Paid,AWS,RES-1854,18.92,70.48,19.7,CC-100
INV-10749,Narayana Health,IT Dept,Database,ap-south-1,665.67,34.11,150.8,2023-06-05,Paid,Google Cloud,RES-9306,16.95,51.12,163.13,CC-825
INV-10860,Medanta,Orthopedics,Storage,us-west-2,115.34,109.73,19.5,2023-06-05,Paid,Google Cloud,RES-6639,7.92,53.23,20.57,CC-274
INV-10869,Max Healthcare,Oncology,Compute,eu-central-1,77.14,431.01,24.23,2023-06-05,Paid,Google Cloud,RES-4493,40.48,68.39,23.21,CC-337
INV-10923,Christian Medical College,Pediatrics,IoT Hub,eu-west-1,244.68,284.93,42.4,2023-06-05,Paid,Google Cloud,RES-1111,17.64,90.43,45.02,CC-422
INV-10025,Christian Medical College,Orthopedics,AI Services,eu-central-1,592.58,435.66,244.0,2023-06-06,Paid,Azure,RES-5573,29.84,66.1,239.99,CC-891
INV-10046,Medanta,Orthopedics,Networking,eu-west-1,481.41,184.51,75.9,2023-06-06,Paid,AWS,RES-5438,11.52,39.22,80.84,CC-564
INV-10442,Christian Medical College,IT Dept,Backup,ap-southeast-1,131.93,130.0,22.39,2023-06-06,Paid,AWS,RES-3725,10.2,92.51,20.47,CC-566
INV-11170,Medanta,Pediatrics,AI Services,us-east-1,455.97,59.99,173.99,2023-06-06,Paid,AWS,RES-8933,70.11,53.55,204.94,CC-592
INV-10088,Fortis Healthcare,Pediatrics,Analytics,ap-southeast-1,42.25,197.63,10.29,2023-06-07,Paid,Google Cloud,RES-5742,63.34,10.65,9.91,CC-361
INV-10231,Max Healthcare,Pediatrics,Compute,eu-central-1,567.26,235.47,107.76,2023-06-07,Paid,AWS,RES-7052,89.64,32.53,109.51,CC-490
INV-10381,Apollo Hospitals,Orthopedics,Backup,ap-south-1,223.2,275.0,38.98,2023-06-07,Paid,AWS,RES-3877,15.57,19.68,39.71,CC-129
INV-10950,Christian Medical College,Research,Networking,ap-south-1,161.59,70.67,25.65,2023-06-07,Pending,Google Cloud,RES-7752,3.06,65.44,29.49,CC-738
INV-10201,Tata Memorial,Pharmacy,Database,ap-south-1,66.11,460.46,28.69,2023-06-08,Pending,AWS,RES-2083,19.51,23.21,30.87,CC-765
INV-10830,Max Healthcare,Oncology,Security,us-east-1,572.93,70.73,87.35,2023-06-08,Paid,AWS,RES-5936,7.58,43.66,95.87,CC-276
INV-11044,Christian Medical College,Neurology,Security,ap-south-1,664.61,82.97,101.35,2023-06-08,Paid,AWS,RES-9537,19.85,22.4,99.41,CC-323
INV-10041,Max Healthcare,Pediatrics,Compute,ap-southeast-1,418.82,454.01,86.28,2023-06-09,Pending,AWS,RES-2669,43.4,90.03,92.98,CC-348
INV-10207,Apollo Hospitals,Emergency,Compute,eu-central-1,242.38,276.55,50.27,2023-06-09,Paid,Azure,RES-7033,10.71,27.06,49.83,CC-575
INV-10125,Manipal Hospitals,Oncology,Security,ap-southeast-1,144.78,79.67,23.31,2023-06-10,Paid,Google Cloud,RES-9281,19.92,49.68,24.46,CC-502
INV-10786,AIIMS,Research,Backup,ap-southeast-1,80.62,142.4,14.94,2023-06-10,Paid,Google Cloud,RES-2738,3.25,33.28,17.41,CC-365
INV-10877,Apollo Hospitals,Oncology,Compute,eu-west-1,689.61,180.61,128.46,2023-06-10,Paid,Google Cloud,RES-6456,78.77,73.52,127.99,CC-470
INV-10680,Apollo Hospitals,Pharmacy,Analytics,us-east-1,76.18,154.3,14.51,2023-06-11,Paid,AWS,RES-6830,97.27,73.89,15.24,CC-500
INV-10872,Max Healthcare,Pediatrics,Security,eu-west-1,329.29,212.65,53.65,2023-06-11,Overdue,Azure,RES-3292,8.48,45.46,54.79,CC-462
INV-10168,Max Healthcare,Emergency,Database,eu-west-1,266.1,45.76,61.25,2023-06-12,Paid,Azure,RES-8353,18.92,47.8,57.0,CC-541
INV-10220,Narayana Health,Oncology,Database,us-west-2,582.41,348.81,141.51,2023-06-12,Paid,Google Cloud,RES-4084,18.37,12.4,167.59,CC-676
INV-10952,AIIMS,Pharmacy,AI Services,us-west-2,342.69,434.02,150.21,2023-06-12,Paid,Azure,RES-1578,21.62,89.16,177.23,CC-852
INV-11080,Narayana Health,Neurology,Compute,ap-south-1,640.77,91.31,117.53,2023-06-12,Pending,Azure,RES-9868,28.9,78.03,115.53,CC-663
INV-10281,Christian Medical College,Orthopedics,AI Services,us-east-1,280.77,398.1,125.19,2023-06-14,Paid,Google Cloud,RES-7143,20.09,31.81,113.6,CC-888
INV-10341,Apollo Hospitals,Pharmacy,Security,ap-southeast-1,521.91,329.14,84.87,2023-06-14,Paid,AWS,RES-5638,11.24,42.94,89.05,CC-727
INV-10388,Medanta,Cardiology,Backup,eu-west-1,152.39,143.28,25.72,2023-06-14,Paid,AWS,RES-1249,11.11,75.69,25.25,CC-217
INV-11030,Manipal Hospitals,IT Dept,Networking,ap-southeast-1,24.71,253.78,8.78,2023-06-14,Paid,Azure,RES-7187,8.37,47.59,8.28,CC-957
INV-10065,Christian Medical College,Oncology,Backup,us-east-1,575.26,146.68,89.22,2023-06-16,Pending,AWS,RES-3868,8.12,22.37,95.45,CC-274
INV-10429,AIIMS,Orthopedics,Security,us-west-2,171.73,118.56,28.13,2023-06-16,Paid,AWS,RES-8141,8.84,27.0,25.94,CC-155
INV-11037,Max Healthcare,Research,Database,us-west-2,617.34,383.17,150.4,2023-06-16,Paid,AWS,RES-8685,10.75,11.76,137.93,CC-149
INV-10141,Max Healthcare,Pharmacy,Networking,eu-central-1,71.58,334.63,17.43,2023-06-17,Paid,Google Cloud,RES-8319,4.51,21.95,16.98,CC-341
INV-10879,Apollo Hospitals,Pharmacy,Networking,us-east-1,571.0,246.0,90.57,2023-06-17,Overdue,Google Cloud,RES-2840,11.92,63.92,96.87,CC-899
INV-10990,Narayana Health,Orthopedics,Analytics,eu-west-1,335.1,195.38,54.17,2023-06-17,Pending,Azure,RES-5071,77.09,88.27,58.45,CC-783
INV-10643,Apollo Hospitals,Radiology,Storage,ap-southeast-1,221.83,580.46,44.88,2023-06-18,Paid,Azure,RES-2388,7.64,71.41,40.51,CC-302
INV-10908,Medanta,Pediatrics,Backup,eu-west-1,307.95,418.15,54.56,2023-06-18,Paid,Google Cloud,RES-4627,19.68,17.06,62.3,CC-606
INV-10026,Narayana Health,Research,Networking,eu-west-1,676.86,57.67,102.68,2023-06-19,Paid,Google Cloud,RES-6663,19.44,25.18,100.59,CC-544
INV-10154,Max Healthcare,Emergency,AI Services,ap-south-1,469.16,461.11,198.99,2023-06-19,Paid,AWS,RES-1647,85.39,17.86,190.46,CC-789
INV-10594,Tata Memorial,Emergency,Backup,us-east-1,253.34,102.91,40.06,2023-06-19,Paid,AWS,RES-7250,2.03,88.0,45.69,CC-327
INV-10858,Medanta,Radiology,Backup,eu-west-1,569.04,349.78,92.35,2023-06-19,Paid,Azure,RES-7076,11.8,60.53,87.22,CC-326
INV-11008,Medanta,Oncology,Storage,ap-south-1,312.98,3449.7,115.94,2023-06-19,Paid,Google Cloud,RES-3893,19.4,16.53,113.01,CC-862
INV-11052,Narayana Health,Emergency,Networking,eu-central-1,222.35,121.25,35.78,2023-06-19,Overdue,Google Cloud,RES-8137,12.84,90.62,40.52,CC-158
INV-10024,Max Healthcare,Emergency,Storage,us-west-2,565.49,2087.98,126.58,2023-06-20,Pending,Google Cloud,RES-1634,13.73,72.48,119.97,CC-491
INV-10729,Max Healthcare,Radiology,Compute,us-west-2,648.91,70.92,118.51,2023-06-20,Paid,AWS,RES-3797,11.13,50.34,112.97,CC-178
INV-11171,Max Healthcare,Cardiology,AI Services,ap-southeast-1,423.2,134.57,165.43,2023-06-20,Paid,Google Cloud,RES-2761,13.35,81.28,164.15,CC-564
INV-10526,Manipal Hospitals,Pediatrics,Compute,us-east-1,286.9,359.44,60.27,2023-06-21,Paid,Google Cloud,RES-9541,88.31,54.24,58.11,CC-419
INV-10731,Max Healthcare,Oncology,Compute,us-east-1,331.36,367.41,68.46,2023-06-21,Paid,Azure,RES-5933,98.09,31.87,69.1,CC-461
INV-10775,Max Healthcare,Cardiology,Security,ap-southeast-1,702.32,448.7,114.32,2023-06-21,Paid,Azure,RES-3458,8.12,90.11,103.96,CC-397
INV-10837,Christian Medical College,Research,Security,eu-central-1,609.36,485.89,101.12,2023-06-21,Pending,Google Cloud,RES-3463,3.12,25.2,114.05,CC-181
INV-10100,Tata Memorial,Research,IoT Hub,us-east-1,632.24,309.02,101.02,2023-06-22,Paid,Google Cloud,RES-8170,12.35,23.11,111.92,CC-269
INV-10254,Medanta,IT Dept,IoT Hub,ap-southeast-1,317.9,343.39,54.55,2023-06-22,Paid,Google Cloud,RES-7609,3.54,94.67,61.37,CC-931
INV-10949,Christian Medical College,IT Dept,Networking,eu-central-1,241.47,199.44,40.21,2023-06-22,Paid,Azure,RES-6954,14.74,27.5,38.49,CC-994
INV-10071,Medanta,Oncology,Backup,eu-central-1,581.01,234.17,91.83,2023-06-23,Paid,Azure,RES-6992,2.43,74.1,101.28,CC-506
INV-10109,Narayana Health,Oncology,Storage,ap-south-1,587.59,916.69,106.47,2023-06-23,Pending,Google Cloud,RES-8498,15.8,49.49,116.0,CC-164
INV-10564,Apollo Hospitals,Oncology,Networking,eu-west-1,674.64,152.54,104.25,2023-06-23,Overdue,AWS,RES-8106,5.56,78.81,123.26,CC-738
INV-10881,Narayana Health,Neurology,Database,eu-west-1,332.37,390.56,86.5,2023-06-23,Paid,Google Cloud,RES-7388,15.05,90.62,88.27,CC-738
INV-10418,AIIMS,Cardiology,Compute,ap-south-1,67.12,229.82,17.6,2023-06-24,Paid,Google Cloud,RES-5896,78.22,65.06,16.05,CC-295
INV-11009,AIIMS,Cardiology,Backup,us-west-2,624.55,291.78,99.52,2023-06-24,Paid,AWS,RES-3280,10.37,70.68,117.87,CC-268
INV-11179,Narayana Health,Neurology,AI Services,us-east-1,351.18,260.89,144.74,2023-06-24,Paid,Azure,RES-9516,66.37,46.18,159.88,CC-391
INV-10192,Narayana Health,Research,Database,ap-southeast-1,644.85,381.13,156.53,2023-06-25,Overdue,Azure,RES-8230,1.87,63.23,141.64,CC-261
INV-10545,Manipal Hospitals,Pharmacy,IoT Hub,ap-south-1,460.97,489.82,78.94,2023-06-25,Paid,Google Cloud,RES-6381,14.45,33.21,78.66,CC-713
INV-10002,Fortis Healthcare,Neurology,Networking,us-east-1,438.65,403.56,73.87,2023-06-26,Paid,Azure,RES-6925,14.86,55.58,74.87,CC-949
INV-10135,Medanta,Neurology,IoT Hub,eu-central-1,687.77,402.31,111.21,2023-06-26,Paid,Azure,RES-8849,6.52,34.45,111.64,CC-362
INV-10218,AIIMS,Radiology,Analytics,ap-southeast-1,658.0,251.2,103.72,2023-06-26,Pending,Azure,RES-5602,44.57,25.28,100.16,CC-897
INV-11032,Fortis Healthcare,IT Dept,Storage,eu-central-1,265.26,151.45,42.82,2023-06-26,Paid,Google Cloud,RES-7006,9.29,47.85,44.16,CC-375
INV-11061,Apollo Hospitals,Radiology,Database,eu-central-1,56.9,15.69,13.27,2023-06-26,Paid,AWS,RES-6301,17.21,31.44,13.92,CC-507
INV-11112,Apollo Hospitals,Cardiology,Backup,us-west-2,462.03,44.34,70.19,2023-06-26,Paid,Azure,RES-3445,14.75,33.38,71.12,CC-522
INV-10042,Medanta,Pharmacy,Compute,ap-southeast-1,388.25,330.76,298.85,2023-06-27,Paid,AWS,RES-8532,16.14,65.04,312.91,CC-470
INV-10572,Tata Memorial,Pediatrics,Storage,ap-south-1,566.02,2048.87,125.88,2023-06-27,Paid,Azure,RES-3445,8.71,59.3,131.12,CC-879
INV-10825,Max Healthcare,Research,AI Services,eu-west-1,468.67,341.01,192.8,2023-06-27,Pending,Azure,RES-2486,35.69,39.09,205.43,CC-375
INV-10997,AIIMS,Oncology,Networking,ap-south-1,554.79,73.82,84.69,2023-06-27,Overdue,Azure,RES-5148,13.78,85.6,86.58,CC-188
INV-10389,Tata Memorial,Research,Compute,us-west-2,400.05,135.53,75.26,2023-06-29,Paid,Google Cloud,RES-9856,93.95,78.34,71.6,CC-446
INV-11043,Max Healthcare,Neurology,Backup,ap-south-1,340.21,193.28,54.9,2023-06-29,Paid,AWS,RES-1663,13.42,46.84,55.25,CC-588
INV-11074,Tata Memorial,Research,AI Services,eu-central-1,31.15,426.75,33.02,2023-06-29,Paid,Google Cloud,RES-4115,80.55,46.75,37.4,CC-271
INV-10113,Max Healthcare,IT Dept,Security,eu-central-1,446.54,217.47,71.33,2023-06-30,Paid,AWS,RES-3621,13.15,77.28,78.56,CC-625
INV-10547,Tata Memorial,Cardiology,Analytics,eu-west-1,700.15,188.19,108.79,2023-06-30,Overdue,AWS,RES-8580,63.52,42.87,124.41,CC-227
INV-10569,Max Healthcare,Neurology,Backup,eu-central-1,173.43,20.57,26.43,2023-06-30,Paid,Google Cloud,RES-6194,10.73,38.59,27.22,CC-609
INV-10685,Max Healthcare,Neurology,Backup,ap-southeast-1,73.35,89.59,12.79,2023-06-30,Pending,Azure,RES-3301,15.67,31.93,12.49,CC-765
INV-10761,Fortis Healthcare,IT Dept,Compute,ap-southeast-1,147.49,218.26,31.79,2023-06-30,Pending,Azure,RES-9785,15.16,29.72,30.78,CC-927
INV-11031,Max Healthcare,Emergency,AI Services,us-west-2,297.62,124.38,117.83,2023-06-30,Paid,Azure,RES-4998,35.87,29.63,122.65,CC-676
INV-11110,Narayana Health,Cardiology,Storage,eu-west-1,232.12,3377.28,102.36,2023-06-30,Paid,AWS,RES-3423,16.1,52.84,101.09,CC-658
INV-10645,Fortis Healthcare,IT Dept,Analytics,us-west-2,540.43,2.91,81.12,2023-07-01,Paid,AWS,RES-6426,88.64,70.28,79.94,CC-531
INV-10782,Max Healthcare,Research,IoT Hub,eu-central-1,100.49,348.46,22.04,2023-07-01,Paid,Azure,RES-2765,5.59,34.94,25.29,CC-723
INV-10824,Medanta,IT Dept,Backup,us-east-1,420.87,174.43,66.62,2023-07-01,Paid,Azure,RES-7318,13.19,48.22,76.58,CC-954
INV-10900,Manipal Hospitals,Cardiology,AI Services,eu-west-1,383.16,389.97,663.56,2023-07-01,Paid,Google Cloud,RES-3732,60.1,55.1,704.59,CC-643
INV-10589,AIIMS,Neurology,AI Services,us-west-2,239.59,7.5,90.22,2023-07-02,Paid,AWS,RES-7045,68.21,11.02,87.16,CC-385
INV-11132,Fortis Healthcare,Oncology,AI Services,ap-south-1,46.96,214.9,28.35,2023-07-02,Paid,Azure,RES-3336,58.98,47.08,30.84,CC-881
INV-10748,Christian Medical College,IT Dept,Backup,us-east-1,365.45,430.51,63.43,2023-07-03,Paid,AWS,RES-6764,5.0,86.72,66.85,CC-255
INV-10048,Medanta,Neurology,AI Services,ap-south-1,137.4,7.07,51.88,2023-07-04,Paid,AWS,RES-9042,57.54,33.32,55.3,CC-229
INV-10522,Fortis Healthcare,Pediatrics,Security,eu-west-1,456.9,122.73,70.99,2023-07-04,Paid,Azure,RES-8516,15.31,55.02,66.83,CC-519
INV-10683,Narayana Health,IT Dept,Database,ap-south-1,452.66,470.07,115.95,2023-07-04,Overdue,Azure,RES-2228,1.76,70.58,112.67,CC-721
INV-10099,Fortis Healthcare,Emergency,IoT Hub,ap-south-1,229.29,475.58,43.91,2023-07-05,Paid,AWS,RES-2657,7.49,75.12,52.69,CC-402
INV-10173,Manipal Hospitals,Radiology,Networking,ap-south-1,90.86,281.93,19.27,2023-07-06,Overdue,Azure,RES-4434,12.25,56.38,20.52,CC-572
INV-10482,Fortis Healthcare,Radiology,Backup,us-east-1,486.89,442.86,81.89,2023-07-06,Paid,Azure,RES-2976,8.54,81.38,79.5,CC-612
INV-10723,Max Healthcare,Research,Compute,us-west-2,283.76,226.22,56.51,2023-07-06,Paid,AWS,RES-6032,65.22,27.26,52.02,CC-802
INV-10856,Apollo Hospitals,Pediatrics,Networking,eu-west-1,293.59,463.69,53.31,2023-07-06,Pending,AWS,RES-2831,12.96,47.4,49.64,CC-876
INV-10919,Medanta,Radiology,Backup,eu-central-1,649.04,468.46,106.73,2023-07-06,Pending,Azure,RES-5045,7.08,40.35,100.36,CC-819
INV-10186,Fortis Healthcare,Pharmacy,Compute,ap-south-1,394.85,378.39,80.15,2023-07-07,Pending,Google Cloud,RES-5055,77.64,47.52,82.36,CC-769
INV-10293,Tata Memorial,Research,Analytics,eu-west-1,288.67,445.72,52.21,2023-07-07,Paid,AWS,RES-9227,62.47,82.86,54.84,CC-472
INV-10402,Tata Memorial,Pediatrics,Networking,ap-southeast-1,33.76,18.93,5.44,2023-07-07,Paid,Google Cloud,RES-9624,10.18,41.33,6.47,CC-847
INV-10898,Fortis Healthcare,Radiology,IoT Hub,ap-south-1,312.83,12.71,47.18,2023-07-07,Paid,AWS,RES-5844,11.32,18.04,54.21,CC-829
INV-11010,Max Healthcare,Pharmacy,Storage,eu-central-1,573.98,2178.37,129.66,2023-07-07,Paid,Azure,RES-5569,14.46,86.3,137.83,CC-134
INV-10130,Tata Memorial,IT Dept,Backup,eu-central-1,245.18,54.8,37.87,2023-07-08,Paid,AWS,RES-8775,8.91,36.15,43.99,CC-711
INV-10485,Manipal Hospitals,Pediatrics,Database,ap-south-1,593.17,10.54,133.78,2023-07-08,Overdue,Azure,RES-4926,19.37,61.49,146.98,CC-807
INV-10784,Fortis Healthcare,Oncology,Storage,ap-southeast-1,488.47,2294.96,119.17,2023-07-09,Pending,Google Cloud,RES-5871,7.09,25.02,117.24,CC-337
INV-10444,Tata Memorial,Cardiology,Security,ap-south-1,328.38,487.73,286.92,2023-07-10,Overdue,AWS,RES-3556,11.14,20.33,324.38,CC-427
INV-10533,Medanta,Cardiology,IoT Hub,us-west-2,226.5,187.23,37.72,2023-07-10,Paid,AWS,RES-5644,6.59,12.38,42.82,CC-412
INV-10765,Manipal Hospitals,Pediatrics,IoT Hub,us-west-2,524.69,393.97,86.58,2023-07-10,Overdue,AWS,RES-9174,1.68,29.98,97.77,CC-121
INV-10992,Narayana Health,Orthopedics,AI Services,eu-central-1,64.03,208.74,34.45,2023-07-10,Paid,Google Cloud,RES-4353,11.99,75.49,34.13,CC-919
INV-11049,Fortis Healthcare,Neurology,Analytics,ap-south-1,613.92,477.83,101.64,2023-07-10,Paid,Google Cloud,RES-6349,32.97,57.48,116.31,CC-780
INV-11076,Manipal Hospitals,Cardiology,Security,us-east-1,470.59,207.77,74.74,2023-07-10,Pending,Google Cloud,RES-9528,16.91,92.41,69.18,CC-708
INV-10104,Apollo Hospitals,Emergency,Storage,eu-central-1,177.4,4972.9,126.07,2023-07-11,Paid,Google Cloud,RES-3392,8.12,12.4,145.2,CC-910
INV-10430,Max Healthcare,Orthopedics,Analytics,us-west-2,106.85,359.91,23.23,2023-07-11,Paid,Azure,RES-5597,66.25,92.92,21.79,CC-161
INV-10861,Max Healthcare,Pharmacy,IoT Hub,ap-south-1,278.36,463.04,51.01,2023-07-11,Paid,Google Cloud,RES-2060,13.32,84.02,53.32,CC-784
INV-10987,Apollo Hospitals,Pharmacy,Backup,ap-south-1,372.72,79.93,57.51,2023-07-11,Paid,Google Cloud,RES-5675,4.83,61.65,57.4,CC-222
INV-11000,Manipal Hospitals,Radiology,Analytics,us-east-1,399.4,197.48,63.86,2023-07-11,Paid,Azure,RES-4699,68.46,43.39,71.84,CC-208
INV-11003,Apollo Hospitals,Pharmacy,Backup,ap-south-1,158.0,214.26,27.99,2023-07-11,Paid,Azure,RES-9191,12.2,50.67,25.54,CC-132
INV-10167,Christian Medical College,IT Dept,AI Services,ap-south-1,316.61,339.85,135.72,2023-07-12,Pending,Google Cloud,RES-5390,68.8,17.28,154.64,CC-184
INV-10228,Medanta,Neurology,Compute,ap-south-1,124.24,37.5,23.26,2023-07-12,Pending,AWS,RES-1507,93.82,93.13,27.81,CC-821
INV-10875,Christian Medical College,Orthopedics,Backup,ap-southeast-1,52.11,28.06,8.38,2023-07-12,Paid,Google Cloud,RES-2212,7.51,55.72,8.26,CC-867
INV-11151,Christian Medical College,IT Dept,IoT Hub,ap-southeast-1,96.1,109.13,16.6,2023-07-12,Paid,Azure,RES-6292,2.41,66.77,16.26,CC-272
INV-10061,Christian Medical College,Radiology,Security,ap-southeast-1,333.29,160.89,53.21,2023-07-13,Pending,Google Cloud,RES-6213,4.58,69.29,51.62,CC-144
INV-10597,Medanta,IT Dept,Compute,ap-south-1,129.11,220.69,28.54,2023-07-13,Pending,Azure,RES-7249,54.97,72.47,32.7,CC-120
INV-10615,Manipal Hospitals,Pharmacy,Compute,eu-west-1,656.22,371.48,127.04,2023-07-13,Paid,Azure,RES-4662,74.53,65.58,151.16,CC-338
INV-10634,Max Healthcare,Orthopedics,Backup,us-east-1,705.43,111.11,108.04,2023-07-13,Pending,AWS,RES-9021,19.08,76.53,114.3,CC-702
INV-10677,AIIMS,Oncology,Backup,us-east-1,704.33,62.57,106.9,2023-07-13,Pending,Google Cloud,RES-2264,5.03,62.62,102.1,CC-672
INV-10938,Medanta,Emergency,Storage,eu-central-1,207.44,4510.33,121.32,2023-07-13,Paid,Azure,RES-8358,16.52,51.5,131.99,CC-812
INV-10994,Max Healthcare,Orthopedics,Compute,eu-central-1,31.23,248.71,11.59,2023-07-13,Paid,Google Cloud,RES-5601,83.91,45.06,12.44,CC-164
INV-10163,Medanta,Neurology,Storage,us-east-1,277.79,2406.23,89.79,2023-07-14,Paid,Azure,RES-2562,13.1,69.74,103.58,CC-439
INV-10170,Tata Memorial,Orthopedics,IoT Hub,us-west-2,130.35,134.46,22.24,2023-07-14,Paid,Google Cloud,RES-2260,6.1,22.4,21.86,CC-901
INV-10368,AIIMS,Emergency,Storage,ap-southeast-1,521.34,2001.05,118.22,2023-07-14,Pending,Google Cloud,RES-9530,18.84,58.61,129.15,CC-139
INV-10377,Apollo Hospitals,Neurology,Backup,ap-south-1,592.39,379.22,96.44,2023-07-14,Pending,Azure,RES-9635,17.02,15.52,90.33,CC-437
INV-10641,Tata Memorial,Radiology,Storage,eu-central-1,131.04,4850.16,116.66,2023-07-14,Pending,Azure,RES-5901,7.42,67.72,134.77,CC-397
INV-10760,Apollo Hospitals,Cardiology,AI Services,ap-southeast-1,494.18,368.96,203.77,2023-07-14,Paid,Google Cloud,RES-3257,59.17,14.43,225.91,CC-537
INV-10823,Medanta,Orthopedics,Database,ap-south-1,511.2,89.0,117.69,2023-07-14,Pending,AWS,RES-5832,3.67,36.82,112.57,CC-281
INV-10102,Manipal Hospitals,Radiology,Analytics,eu-central-1,367.06,209.33,59.25,2023-07-15,Paid,Azure,RES-7081,24.42,26.97,68.84,CC-592
INV-10250,Christian Medical College,Orthopedics,IoT Hub,us-east-1,386.19,206.55,62.06,2023-07-15,Overdue,Google Cloud,RES-3346,17.55,22.82,62.23,CC-568
INV-10414,Medanta,Oncology,Compute,ap-south-1,285.9,497.98,63.41,2023-07-15,Overdue,AWS,RES-7432,32.98,79.09,58.39,CC-305
INV-10906,Max Healthcare,Neurology,Security,ap-south-1,604.96,127.73,93.3,2023-07-15,Pending,AWS,RES-5769,12.91,46.2,103.84,CC-598
INV-10914,AIIMS,Radiology,Analytics,eu-west-1,153.53,427.99,31.59,2023-07-15,Paid,AWS,RES-6288,53.2,38.65,31.86,CC-272
INV-10197,Fortis Healthcare,Neurology,Database,us-east-1,259.59,214.69,64.85,2023-07-16,Paid,Google Cloud,RES-5668,16.03,31.06,63.19,CC-838
INV-10812,Fortis Healthcare,Oncology,IoT Hub,ap-southeast-1,244.41,385.99,44.38,2023-07-16,Paid,Google Cloud,RES-4429,12.25,33.57,51.54,CC-584
INV-10836,Max Healthcare,Radiology,Database,ap-southeast-1,497.27,5.79,112.06,2023-07-16,Paid,Google Cloud,RES-2899,13.42,66.97,102.69,CC-859
INV-11047,Max Healthcare,Oncology,AI Services,us-east-1,205.79,110.12,82.68,2023-07-16,Paid,Google Cloud,RES-3484,13.92,11.03,84.79,CC-918
INV-10359,Narayana Health,Neurology,Storage,ap-south-1,174.13,1934.47,64.81,2023-07-17,Paid,Google Cloud,RES-4258,19.56,18.47,75.18,CC-290
INV-10576,AIIMS,Orthopedics,Networking,us-east-1,143.72,54.32,22.64,2023-07-17,Paid,Google Cloud,RES-3910,11.82,48.38,21.01,CC-666
INV-10946,Fortis Healthcare,Cardiology,Analytics,ap-southeast-1,210.55,308.02,37.74,2023-07-17,Paid,Google Cloud,RES-8454,50.02,73.59,40.9,CC-751
INV-10970,Christian Medical College,IT Dept,Database,us-west-2,307.91,12.24,69.65,2023-07-17,Paid,Google Cloud,RES-8116,3.65,36.92,75.89,CC-114
INV-10233,AIIMS,Pharmacy,AI Services,ap-southeast-1,591.07,209.32,232.12,2023-07-18,Paid,AWS,RES-7468,57.66,83.69,270.3,CC-180
INV-10505,Narayana Health,Research,AI Services,eu-central-1,348.27,281.53,144.68,2023-07-18,Paid,Azure,RES-2522,47.65,74.3,156.86,CC-536
INV-10688,Max Healthcare,Pharmacy,Networking,us-east-1,630.65,334.58,101.29,2023-07-18,Paid,AWS,RES-2775,7.63,49.82,116.03,CC-284
INV-10985,Max Healthcare,Oncology,IoT Hub,ap-south-1,546.73,335.13,88.71,2023-07-18,Paid,Azure,RES-2113,1.37,75.07,97.66,CC-663
INV-11194,Manipal Hospitals,Cardiology,Backup,ap-south-1,468.24,407.34,78.38,2023-07-18,Pending,AWS,RES-4441,17.25,58.78,72.1,CC-266
INV-10177,Tata Memorial,Pharmacy,AI Services,eu-central-1,338.77,339.78,144.03,2023-07-20,Paid,Azure,RES-2901,71.45,22.81,150.49,CC-187
INV-10620,Manipal Hospitals,Cardiology,Database,eu-central-1,222.36,407.51,235.61,2023-07-20,Paid,Google Cloud,RES-7412,18.34,23.53,241.91,CC-456
INV-11166,Narayana Health,Pediatrics,Backup,us-west-2,337.09,197.03,54.5,2023-07-21,Paid,Google Cloud,RES-9727,3.67,80.25,52.09,CC-236
INV-10146,Tata Memorial,IT Dept,Backup,eu-west-1,190.66,1.51,28.63,2023-07-22,Paid,AWS,RES-2130,5.14,16.21,31.78,CC-161
INV-10798,Narayana Health,Research,AI Services,us-west-2,620.4,114.67,238.38,2023-07-22,Pending,Google Cloud,RES-1591,81.31,87.41,229.96,CC-113
INV-10999,Tata Memorial,Oncology,Database,us-west-2,68.04,209.49,69.26,2023-07-22,Overdue,Google Cloud,RES-3698,3.13,52.62,62.42,CC-780
INV-10835,Apollo Hospitals,Pediatrics,Networking,us-west-2,494.46,417.12,82.51,2023-07-23,Pending,AWS,RES-1200,9.83,17.02,76.77,CC-922
INV-10916,Medanta,Oncology,Security,ap-southeast-1,104.45,192.62,19.52,2023-07-23,Paid,Azure,RES-6305,17.06,72.58,22.24,CC-184
INV-11131,Apollo Hospitals,Research,AI Services,ap-south-1,638.02,44.19,241.47,2023-07-23,Paid,Azure,RES-4487,87.54,12.32,250.33,CC-863
INV-10314,Apollo Hospitals,Pediatrics,AI Services,ap-south-1,488.33,410.54,203.65,2023-07-24,Pending,AWS,RES-3994,16.77,89.17,204.88,CC-375
INV-10863,Manipal Hospitals,Orthopedics,Security,eu-west-1,454.75,476.01,77.73,2023-07-24,Paid,AWS,RES-1917,10.64,33.08,89.7,CC-181
INV-10887,Christian Medical College,Cardiology,Storage,eu-central-1,692.71,545.33,114.81,2023-07-24,Paid,Azure,RES-2383,7.85,36.35,135.91,CC-334
INV-10127,Medanta,Radiology,Networking,ap-south-1,46.32,280.91,12.57,2023-07-25,Paid,AWS,RES-2946,7.89,34.53,13.01,CC-945
INV-11162,Fortis Healthcare,Radiology,Database,us-west-2,327.78,238.8,80.91,2023-07-25,Paid,Google Cloud,RES-2277,11.25,92.63,95.49,CC-489
INV-10252,Fortis Healthcare,Oncology,Networking,eu-west-1,314.61,238.7,51.97,2023-07-26,Pending,Azure,RES-9700,1.09,55.37,61.59,CC-875
INV-10398,Narayana Health,Neurology,Storage,ap-southeast-1,611.82,4269.9,177.17,2023-07-26,Paid,Google Cloud,RES-2797,2.19,86.59,159.5,CC-467
INV-10702,AIIMS,Oncology,Networking,eu-west-1,651.96,258.64,102.97,2023-07-26,Paid,AWS,RES-7422,9.31,18.46,108.25,CC-903
INV-10804,Christian Medical College,Pharmacy,AI Services,us-east-1,447.71,236.76,179.73,2023-07-26,Paid,AWS,RES-6535,74.35,58.16,203.13,CC-418
INV-10811,AIIMS,Pharmacy,Backup,ap-south-1,673.36,280.56,106.62,2023-07-26,Paid,Google Cloud,RES-5307,13.19,27.22,99.25,CC-282
INV-10850,Tata Memorial,Research,IoT Hub,eu-central-1,361.33,231.96,58.84,2023-07-26,Paid,AWS,RES-6473,16.7,48.2,56.09,CC-645
INV-10925,Christian Medical College,Neurology,Security,us-east-1,417.54,474.51,72.12,2023-07-26,Paid,AWS,RES-6098,8.36,44.64,67.9,CC-198
INV-10678,Christian Medical College,IT Dept,Security,eu-west-1,597.35,82.41,91.25,2023-07-27,Paid,Google Cloud,RES-6496,16.26,64.97,85.09,CC-717
INV-10013,Tata Memorial,Oncology,Analytics,us-west-2,145.19,48.47,22.75,2023-07-28,Paid,Azure,RES-2612,48.36,46.0,25.45,CC-761
INV-10542,Manipal Hospitals,Research,Database,ap-south-1,326.65,423.14,86.19,2023-07-28,Paid,Google Cloud,RES-9806,10.51,76.54,91.55,CC-351
INV-10867,Christian Medical College,Orthopedics,Analytics,us-east-1,436.96,246.3,70.47,2023-07-28,Paid,Azure,RES-9719,25.71,53.12,83.54,CC-988
INV-11028,Medanta,IT Dept,Compute,us-east-1,166.89,229.75,35.55,2023-07-28,Paid,AWS,RES-8130,24.74,24.75,33.14,CC-415
INV-11128,Christian Medical College,Radiology,Storage,ap-southeast-1,148.24,4083.98,103.92,2023-07-28,Paid,AWS,RES-6491,4.0,28.32,98.14,CC-381
INV-10305,Apollo Hospitals,Emergency,AI Services,eu-west-1,267.21,77.39,104.07,2023-07-29,Paid,Azure,RES-7511,67.99,31.56,106.89,CC-382
INV-10450,Fortis Healthcare,Pharmacy,Networking,us-east-1,463.55,136.66,72.27,2023-07-29,Paid,AWS,RES-7254,4.32,49.28,84.88,CC-952
INV-10606,Manipal Hospitals,Cardiology,Database,us-west-2,322.92,456.49,86.35,2023-07-29,Paid,Azure,RES-6605,3.07,64.1,79.94,CC-165
INV-10056,Narayana Health,Radiology,Compute,us-west-2,502.51,144.11,93.91,2023-07-30,Paid,Azure,RES-2899,94.12,79.15,97.33,CC-431
INV-11088,Max Healthcare,Oncology,Compute,ap-south-1,278.89,259.43,56.43,2023-07-30,Paid,Azure,RES-4977,34.48,66.37,53.26,CC-292
INV-10157,Christian Medical College,Radiology,AI Services,ap-south-1,42.46,432.04,37.52,2023-07-31,Pending,Azure,RES-3497,75.97,11.38,40.34,CC-402
INV-10720,Fortis Healthcare,Oncology,Security,us-west-2,462.2,334.12,76.01,2023-07-31,Paid,Google Cloud,RES-8908,10.91,30.44,79.58,CC-891
INV-10236,Christian Medical College,Cardiology,IoT Hub,eu-central-1,116.25,283.3,23.1,2023-08-01,Pending,AWS,RES-5687,12.07,92.01,21.52,CC-904
INV-10298,Max Healthcare,Radiology,Compute,eu-west-1,585.93,360.13,114.11,2023-08-01,Pending,AWS,RES-4992,52.85,50.7,108.22,CC-122
INV-11196,Manipal Hospitals,Cardiology,AI Services,us-east-1,714.45,41.32,269.98,2023-08-01,Paid,Google Cloud,RES-3472,71.12,52.49,252.31,CC-748
INV-10206,Tata Memorial,Emergency,AI Services,ap-south-1,660.26,159.97,255.6,2023-08-02,Paid,AWS,RES-9450,83.51,58.58,281.67,CC-328
INV-10239,Max Healthcare,Pediatrics,Analytics,ap-south-1,439.54,44.64,66.82,2023-08-02,Paid,Azure,RES-1920,49.31,87.64,69.85,CC-482
INV-10376,Medanta,Radiology,Compute,us-east-1,715.55,80.67,130.74,2023-08-02,Paid,AWS,RES-6901,35.31,66.18,140.11,CC-566
INV-10855,AIIMS,Research,Analytics,eu-central-1,689.88,441.68,112.32,2023-08-02,Pending,AWS,RES-8877,57.82,70.84,134.42,CC-549
INV-10209,Medanta,Neurology,AI Services,ap-southeast-1,359.34,29.95,136.25,2023-08-03,Pending,AWS,RES-7767,98.73,70.49,160.28,CC-632
INV-10319,Narayana Health,Oncology,Analytics,eu-central-1,507.51,186.15,79.85,2023-08-03,Paid,AWS,RES-2636,86.04,33.77,75.01,CC-334
INV-10849,AIIMS,Research,Networking,ap-south-1,649.33,139.44,100.19,2023-08-03,Paid,AWS,RES-6206,15.64,63.57,110.82,CC-751
INV-11154,Max Healthcare,Neurology,AI Services,ap-south-1,131.85,273.06,63.1,2023-08-03,Paid,Google Cloud,RES-4795,75.37,51.76,68.27,CC-536
INV-10249,Manipal Hospitals,Radiology,AI Services,eu-west-1,569.54,165.66,221.86,2023-08-04,Pending,Azure,RES-2166,33.19,34.99,230.99,CC-697
INV-10827,Narayana Health,Neurology,Security,us-east-1,347.6,168.34,55.51,2023-08-04,Paid,AWS,RES-1356,18.16,25.9,52.67,CC-870
INV-10183,AIIMS,Emergency,Database,ap-southeast-1,141.89,317.75,41.46,2023-08-05,Paid,Azure,RES-4065,14.18,64.85,44.22,CC-243
INV-10317,AIIMS,Orthopedics,Database,us-east-1,349.61,270.38,86.77,2023-08-05,Overdue,Google Cloud,RES-9490,10.55,43.47,82.64,CC-815
INV-10617,Medanta,Cardiology,IoT Hub,us-west-2,236.95,182.51,39.19,2023-08-05,Paid,Azure,RES-1150,13.91,77.71,42.34,CC-504
INV-10631,Narayana Health,Pediatrics,Database,eu-west-1,62.8,127.48,17.95,2023-08-05,Paid,Google Cloud,RES-3346,8.25,86.81,16.6,CC-535
INV-11062,Christian Medical College,Oncology,Security,eu-west-1,477.47,479.03,81.2,2023-08-05,Paid,Google Cloud,RES-7812,15.28,83.79,94.25,CC-356
INV-10449,AIIMS,IT Dept,Backup,us-west-2,527.31,207.1,83.24,2023-08-06,Overdue,Google Cloud,RES-6495,16.87,60.82,82.49,CC-637
INV-10466,Narayana Health,Orthopedics,Networking,us-east-1,524.89,139.26,81.52,2023-08-06,Paid,AWS,RES-6834,14.56,59.46,92.68,CC-509
INV-10794,AIIMS,IT Dept,Security,us-west-2,92.23,232.37,18.48,2023-08-06,Pending,Google Cloud,RES-9014,7.06,19.65,20.54,CC-595
INV-10884,Manipal Hospitals,Orthopedics,AI Services,ap-south-1,713.61,116.49,1300.23,2023-08-06,Paid,AWS,RES-1416,91.87,75.65,1538.58,CC-484
INV-10216,AIIMS,IT Dept,Storage,eu-central-1,132.69,1112.84,42.16,2023-08-07,Paid,Google Cloud,RES-5835,4.56,33.79,38.38,CC-351
INV-10448,Apollo Hospitals,Radiology,Networking,us-west-2,272.44,186.42,44.59,2023-08-07,Paid,Google Cloud,RES-8278,6.41,39.87,51.83,CC-845
INV-10788,Apollo Hospitals,Radiology,AI Services,ap-south-1,529.78,260.45,211.69,2023-08-07,Pending,Google Cloud,RES-8082,83.96,35.07,235.38,CC-555
INV-11090,Medanta,Oncology,Backup,ap-south-1,556.03,236.62,88.14,2023-08-07,Paid,AWS,RES-5515,15.49,15.55,87.34,CC-305
INV-11142,Fortis Healthcare,Orthopedics,Storage,ap-southeast-1,79.76,4161.54,95.19,2023-08-07,Paid,Azure,RES-2969,17.76,75.15,94.63,CC-868
INV-10038,Apollo Hospitals,Emergency,Storage,us-east-1,106.35,2335.41,62.66,2023-08-08,Pending,Google Cloud,RES-5558,1.96,42.22,62.54,CC-488
INV-10180,AIIMS,Cardiology,AI Services,eu-central-1,286.07,352.37,124.89,2023-08-08,Paid,Google Cloud,RES-9796,28.31,73.95,114.75,CC-992
INV-11175,AIIMS,Oncology,Database,ap-south-1,305.42,477.77,83.05,2023-08-08,Paid,Google Cloud,RES-5893,17.42,59.6,93.54,CC-386
INV-10081,Tata Memorial,Pediatrics,Analytics,ap-southeast-1,80.42,350.89,19.08,2023-08-09,Paid,Google Cloud,RES-4743,85.9,65.33,21.3,CC-562
INV-10089,Narayana Health,Neurology,Storage,eu-central-1,134.74,1932.03,58.85,2023-08-09,Paid,Google Cloud,RES-1693,14.37,52.52,67.2,CC-982
INV-10415,Max Healthcare,IT Dept,Compute,us-west-2,165.05,321.67,37.43,2023-08-09,Paid,Google Cloud,RES-8305,91.22,70.81,34.51,CC-356
INV-10493,Medanta,Pediatrics,Analytics,eu-central-1,618.0,300.04,98.7,2023-08-09,Paid,AWS,RES-1471,98.57,34.05,101.22,CC-249
INV-11138,Fortis Healthcare,Oncology,AI Services,ap-south-1,296.99,279.92,125.37,2023-08-09,Paid,AWS,RES-2928,93.44,44.66,150.07,CC-507
INV-10497,Max Healthcare,Neurology,Security,eu-west-1,110.67,58.42,17.77,2023-08-10,Pending,Google Cloud,RES-5635,1.84,20.87,20.44,CC-540
INV-10581,AIIMS,Orthopedics,Database,ap-southeast-1,335.06,455.42,89.05,2023-08-10,Paid,Google Cloud,RES-3587,4.49,58.33,105.41,CC-991
INV-10008,Tata Memorial,Pediatrics,Security,us-east-1,122.29,1.62,18.38,2023-08-11,Paid,Azure,RES-5889,14.72,71.17,20.74,CC-208
INV-11130,Narayana Health,Orthopedics,Analytics,eu-central-1,696.06,371.88,111.85,2023-08-11,Pending,Azure,RES-4161,56.22,18.16,114.98,CC-143
INV-11144,Manipal Hospitals,Cardiology,Storage,eu-west-1,436.28,4541.33,156.27,2023-08-11,Paid,Google Cloud,RES-2229,8.4,94.87,186.57,CC-306
INV-10091,Narayana Health,Neurology,Networking,us-east-1,428.1,261.98,69.45,2023-08-12,Paid,AWS,RES-2868,8.52,36.37,69.44,CC-622
INV-10111,Apollo Hospitals,Radiology,Backup,us-east-1,641.54,371.65,103.66,2023-08-12,Paid,Azure,RES-9507,18.0,42.86,108.72,CC-916
INV-10166,Fortis Healthcare,Research,Security,us-east-1,174.82,38.01,26.98,2023-08-12,Paid,AWS,RES-5478,12.5,62.18,32.12,CC-749
INV-10223,Narayana Health,Pediatrics,Security,us-west-2,572.21,480.33,95.44,2023-08-12,Overdue,AWS,RES-6846,13.33,24.81,105.75,CC-905
INV-10498,Medanta,Pharmacy,Backup,ap-southeast-1,643.8,157.77,99.73,2023-08-12,Paid,Azure,RES-8208,19.9,74.91,115.28,CC-917
INV-10831,Medanta,Neurology,Database,us-west-2,74.02,122.37,20.33,2023-08-12,Paid,AWS,RES-7456,14.01,81.88,21.21,CC-582
INV-10333,Max Healthcare,Neurology,Backup,ap-south-1,526.25,116.41,81.27,2023-08-13,Pending,AWS,RES-8597,3.86,51.95,80.74,CC-480
INV-10755,Narayana Health,Pharmacy,IoT Hub,us-west-2,313.53,188.06,50.79,2023-08-13,Paid,AWS,RES-1843,2.35,16.64,50.26,CC-336
INV-10885,Christian Medical College,Orthopedics,Networking,us-east-1,293.42,102.82,46.07,2023-08-13,Overdue,Azure,RES-9462,8.23,79.23,43.88,CC-841
INV-10921,Christian Medical College,Pediatrics,Storage,eu-central-1,362.96,2209.11,98.63,2023-08-13,Paid,Google Cloud,RES-8809,19.11,24.56,105.31,CC-455
INV-10049,Fortis Healthcare,Cardiology,Backup,eu-central-1,251.9,482.75,47.44,2023-08-14,Paid,Azure,RES-1878,5.8,83.25,43.63,CC-690
INV-10531,Medanta,Pharmacy,Analytics,eu-west-1,499.2,473.91,84.36,2023-08-14,Paid,Azure,RES-3119,75.12,45.44,88.72,CC-568
INV-10622,Medanta,IT Dept,Database,ap-southeast-1,504.13,145.54,117.8,2023-08-15,Paid,AWS,RES-2670,3.75,28.54,132.01,CC-843
INV-10815,Max Healthcare,Pediatrics,Database,eu-central-1,357.97,394.48,92.38,2023-08-15,Paid,Google Cloud,RES-8636,14.02,57.42,92.79,CC-474
INV-11146,AIIMS,Oncology,IoT Hub,us-west-2,465.87,313.49,76.15,2023-08-15,Pending,Google Cloud,RES-8253,1.96,41.31,74.71,CC-551
INV-10080,AIIMS,Emergency,Compute,eu-central-1,62.18,40.4,12.16,2023-08-16,Paid,Google Cloud,RES-7240,64.14,15.58,13.25,CC-432
INV-10215,Fortis Healthcare,Cardiology,Compute,us-west-2,584.6,45.99,106.33,2023-08-16,Paid,Google Cloud,RES-8096,85.41,78.76,125.75,CC-687
INV-10774,Manipal Hospitals,Radiology,Compute,us-east-1,90.36,38.73,17.19,2023-08-16,Paid,Google Cloud,RES-5638,28.16,58.48,18.98,CC-536
INV-10819,Max Healthcare,Neurology,Networking,us-east-1,462.61,31.16,70.01,2023-08-16,Paid,AWS,RES-6450,2.85,56.25,67.09,CC-117
INV-10980,Christian Medical College,Emergency,IoT Hub,us-west-2,548.51,53.87,83.35,2023-08-16,Paid,Google Cloud,RES-6288,6.2,33.46,86.35,CC-231
INV-11104,Manipal Hospitals,IT Dept,Networking,us-west-2,208.21,130.11,33.83,2023-08-16,Paid,Google Cloud,RES-9772,5.07,72.34,30.65,CC-484
INV-10294,Apollo Hospitals,Orthopedics,Database,ap-southeast-1,123.05,283.18,36.18,2023-08-17,Overdue,AWS,RES-4585,11.75,84.14,40.51,CC-141
INV-10654,Apollo Hospitals,Pharmacy,AI Services,us-west-2,667.11,37.44,252.04,2023-08-17,Paid,Google Cloud,RES-3517,58.65,39.15,301.67,CC-838
INV-10803,Christian Medical College,Orthopedics,Storage,eu-central-1,272.57,2837.61,97.64,2023-08-17,Paid,AWS,RES-4402,13.21,38.26,116.46,CC-273
INV-10912,Narayana Health,Radiology,Security,us-west-2,566.43,162.26,88.21,2023-08-17,Paid,Azure,RES-9966,14.28,63.96,83.64,CC-984
INV-11012,Max Healthcare,Neurology,Database,eu-west-1,478.5,272.96,115.85,2023-08-17,Paid,AWS,RES-1651,11.59,50.62,127.07,CC-218
INV-10001,Tata Memorial,Orthopedics,IoT Hub,eu-central-1,428.38,404.72,72.35,2023-08-18,Paid,AWS,RES-6514,1.12,78.49,72.5,CC-881
INV-10528,Narayana Health,Neurology,Storage,eu-west-1,221.55,3697.45,107.18,2023-08-18,Paid,AWS,RES-9737,9.61,93.55,128.26,CC-742
INV-10535,Max Healthcare,Research,Analytics,eu-central-1,115.78,363.93,24.65,2023-08-18,Overdue,Google Cloud,RES-9863,17.95,63.11,25.05,CC-447
INV-11147,Medanta,Emergency,Database,us-east-1,638.66,363.01,154.59,2023-08-18,Paid,Google Cloud,RES-2508,15.5,44.99,145.49,CC-917
INV-10095,Christian Medical College,Pharmacy,IoT Hub,eu-west-1,655.43,285.83,104.03,2023-08-19,Paid,AWS,RES-6626,4.58,61.43,123.52,CC-930
INV-10371,Tata Memorial,Oncology,Networking,eu-central-1,27.69,226.84,8.69,2023-08-19,Paid,Azure,RES-3686,18.04,86.14,8.06,CC-764
INV-10998,Max Healthcare,Radiology,Security,eu-west-1,545.13,430.9,90.39,2023-08-19,Paid,Azure,RES-6597,4.12,13.63,104.66,CC-713
INV-10385,AIIMS,Neurology,Analytics,us-west-2,598.91,151.31,92.86,2023-08-20,Paid,Azure,RES-8270,56.73,24.88,84.62,CC-194
INV-10076,Apollo Hospitals,Emergency,Backup,us-west-2,75.09,106.05,13.38,2023-08-21,Overdue,AWS,RES-4362,13.15,92.54,13.38,CC-905
INV-10401,AIIMS,IT Dept,Networking,ap-southeast-1,371.68,276.03,61.27,2023-08-21,Paid,AWS,RES-4878,9.55,40.2,66.26,CC-967
INV-10551,Tata Memorial,Pharmacy,Backup,eu-west-1,11.39,213.56,5.98,2023-08-21,Pending,Google Cloud,RES-5489,13.79,65.25,5.96,CC-516
INV-10561,Medanta,Emergency,Security,us-west-2,632.03,455.27,103.91,2023-08-21,Paid,AWS,RES-4916,10.42,88.2,115.13,CC-318
INV-11024,Apollo Hospitals,Neurology,AI Services,ap-south-1,673.67,275.32,266.39,2023-08-21,Overdue,Azure,RES-9020,83.08,53.45,260.99,CC-743
INV-11185,Max Healthcare,Pharmacy,Compute,ap-southeast-1,281.51,328.84,58.56,2023-08-21,Pending,Google Cloud,RES-8680,31.46,18.69,67.97,CC-223
INV-10328,Max Healthcare,Research,Database,ap-southeast-1,458.04,317.93,112.6,2023-08-22,Paid,Google Cloud,RES-4721,11.72,54.49,111.8,CC-652
INV-10532,Tata Memorial,Research,Compute,eu-west-1,346.08,373.25,71.25,2023-08-22,Paid,AWS,RES-7055,94.02,41.39,76.98,CC-223
INV-10747,AIIMS,Emergency,Database,us-east-1,95.29,194.71,27.28,2023-08-23,Paid,Azure,RES-3282,12.03,12.9,29.93,CC-463
INV-10349,Tata Memorial,Pharmacy,Database,us-east-1,262.52,69.2,61.14,2023-08-24,Paid,AWS,RES-4562,7.97,59.48,69.9,CC-509
INV-10057,AIIMS,Research,Storage,eu-west-1,303.41,978.53,65.08,2023-08-25,Paid,Google Cloud,RES-3146,7.87,74.3,73.41,CC-662
INV-10094,Apollo Hospitals,Radiology,IoT Hub,us-east-1,330.86,28.45,50.2,2023-08-25,Paid,Azure,RES-7299,16.8,16.52,58.06,CC-619
INV-10394,Narayana Health,Research,Compute,ap-south-1,294.58,206.72,57.99,2023-08-25,Paid,Google Cloud,RES-8063,65.26,56.58,58.87,CC-933
INV-10212,Tata Memorial,Radiology,AI Services,eu-central-1,198.16,59.96,77.31,2023-08-26,Paid,Azure,RES-6370,24.03,68.31,85.74,CC-955
INV-10541,AIIMS,Neurology,Backup,us-east-1,402.72,32.73,61.06,2023-08-26,Paid,Azure,RES-2663,1.55,63.85,55.3,CC-700
INV-10543,AIIMS,Research,Analytics,us-east-1,692.39,310.36,110.07,2023-08-26,Paid,AWS,RES-7228,68.12,24.23,129.5,CC-356
INV-11184,Christian Medical College,Oncology,Database,ap-south-1,237.8,373.41,64.71,2023-08-26,Pending,Azure,RES-6331,7.9,63.36,65.59,CC-133
INV-11189,AIIMS,Neurology,Analytics,eu-west-1,533.35,441.25,88.83,2023-08-26,Paid,Google Cloud,RES-5159,29.48,78.7,105.05,CC-367
INV-10232,Max Healthcare,IT Dept,Storage,ap-south-1,197.01,4193.54,113.42,2023-08-27,Paid,Azure,RES-9871,11.72,22.85,105.37,CC-927
INV-10380,Medanta,Orthopedics,Storage,us-east-1,454.08,633.73,80.79,2023-08-27,Paid,AWS,RES-4478,17.11,77.96,82.75,CC-673
INV-10740,Tata Memorial,Radiology,Analytics,ap-south-1,308.56,205.13,50.39,2023-08-27,Pending,Azure,RES-5954,12.46,57.51,51.71,CC-729
INV-10771,Christian Medical College,IT Dept,Storage,eu-central-1,36.27,1825.68,41.95,2023-08-27,Paid,AWS,RES-6145,13.12,57.31,45.05,CC-724
INV-10596,Manipal Hospitals,Orthopedics,IoT Hub,us-east-1,231.14,360.84,41.89,2023-08-28,Paid,Azure,RES-4299,5.65,25.0,41.29,CC-750
INV-10880,Tata Memorial,Oncology,IoT Hub,us-east-1,443.12,496.47,76.4,2023-08-28,Paid,Google Cloud,RES-3493,15.29,75.2,75.11,CC-856
INV-10366,Fortis Healthcare,IT Dept,Database,ap-southeast-1,515.53,186.98,121.6,2023-08-29,Paid,Google Cloud,RES-1245,17.19,51.77,116.49,CC-882
INV-10559,Medanta,Pharmacy,IoT Hub,us-west-2,229.16,171.45,37.8,2023-08-29,Paid,AWS,RES-1894,8.01,10.69,41.71,CC-619
INV-10300,Medanta,Neurology,AI Services,eu-central-1,625.78,85.28,238.93,2023-08-30,Paid,Google Cloud,RES-9369,83.9,61.07,273.85,CC-775
INV-10870,Medanta,Research,Backup,ap-south-1,83.07,150.03,15.46,2023-08-30,Pending,Google Cloud,RES-3814,12.58,58.54,14.64,CC-904
INV-10040,Apollo Hospitals,Pharmacy,Database,us-west-2,485.32,281.98,117.66,2023-08-31,Paid,AWS,RES-2876,5.14,69.45,111.82,CC-865
INV-10382,Manipal Hospitals,Radiology,Security,eu-west-1,576.05,322.83,92.86,2023-08-31,Paid,Azure,RES-7782,10.15,63.31,98.53,CC-902
INV-10512,Manipal Hospitals,Neurology,Backup,eu-central-1,309.53,58.23,47.59,2023-08-31,Paid,AWS,RES-4975,18.15,72.8,49.76,CC-560
INV-10608,Apollo Hospitals,Emergency,IoT Hub,ap-south-1,547.41,302.19,88.16,2023-08-31,Paid,Azure,RES-7528,7.39,67.96,87.68,CC-469
INV-10809,Narayana Health,Oncology,Database,ap-southeast-1,16.97,208.15,10.06,2023-08-31,Paid,Google Cloud,RES-2537,3.86,15.7,10.0,CC-810
INV-10818,Christian Medical College,Pharmacy,Analytics,eu-central-1,542.45,323.77,87.84,2023-08-31,Pending,AWS,RES-3898,58.56,18.83,95.21,CC-822
INV-10843,Tata Memorial,Orthopedics,Storage,ap-south-1,162.8,4680.62,118.03,2023-08-31,Paid,Google Cloud,RES-3969,6.22,68.55,123.99,CC-508
INV-10871,Max Healthcare,Pharmacy,Database,ap-south-1,473.98,394.37,118.48,2023-08-31,Pending,Google Cloud,RES-7075,15.82,32.9,123.41,CC-410
INV-11004,Narayana Health,Radiology,Storage,ap-south-1,621.43,1949.59,132.21,2023-08-31,Paid,Google Cloud,RES-9033,11.24,18.33,143.59,CC-801
INV-10034,AIIMS,Research,Analytics,us-west-2,329.55,375.89,56.95,2023-09-01,Paid,Google Cloud,RES-2269,84.75,33.57,59.53,CC-550
INV-10393,Narayana Health,IT Dept,Analytics,us-east-1,90.15,239.33,18.31,2023-09-01,Paid,AWS,RES-2752,85.27,33.99,19.64,CC-515
INV-11005,Apollo Hospitals,Emergency,Storage,eu-central-1,189.03,505.64,38.47,2023-09-01,Paid,AWS,RES-4954,5.66,80.6,35.71,CC-445
INV-10133,Tata Memorial,Orthopedics,IoT Hub,ap-south-1,383.09,156.88,60.6,2023-09-02,Pending,Google Cloud,RES-5331,4.29,87.53,60.98,CC-838
INV-10981,Apollo Hospitals,Neurology,Storage,ap-south-1,271.86,1610.58,72.99,2023-09-02,Paid,Google Cloud,RES-1565,14.69,56.76,79.84,CC-434
INV-10227,AIIMS,Radiology,IoT Hub,eu-central-1,570.0,289.03,91.28,2023-09-03,Paid,AWS,RES-6221,15.41,29.17,104.04,CC-120
INV-10746,Max Healthcare,Research,IoT Hub,us-west-2,215.93,333.77,39.06,2023-09-03,Paid,Azure,RES-8601,19.22,51.9,39.74,CC-209
INV-11070,AIIMS,Neurology,Security,eu-west-1,24.69,64.94,5.0,2023-09-03,Paid,AWS,RES-4343,15.24,31.95,5.51,CC-536
INV-10297,Tata Memorial,Emergency,Security,ap-south-1,639.89,3.3,96.05,2023-09-04,Paid,Azure,RES-4062,17.76,47.39,101.27,CC-253
INV-10336,Apollo Hospitals,Research,IoT Hub,us-east-1,463.35,99.36,71.49,2023-09-04,Paid,Azure,RES-1246,17.86,83.41,66.76,CC-432
INV-10558,Max Healthcare,Research,Backup,ap-south-1,524.48,222.31,83.12,2023-09-04,Paid,Azure,RES-6861,5.62,77.75,82.58,CC-767
INV-10709,Manipal Hospitals,Neurology,Database,ap-south-1,151.46,45.98,35.46,2023-09-04,Paid,Azure,RES-4163,14.45,65.41,40.52,CC-509
INV-10896,Max Healthcare,Emergency,Security,us-east-1,353.53,171.95,56.47,2023-09-04,Paid,Google Cloud,RES-5305,12.95,79.44,58.48,CC-736
INV-11060,Medanta,Radiology,Security,ap-southeast-1,319.09,61.31,49.09,2023-09-04,Overdue,AWS,RES-8753,13.24,90.12,52.84,CC-314
INV-10184,Narayana Health,IT Dept,Storage,ap-south-1,106.94,4085.32,97.75,2023-09-06,Paid,AWS,RES-8272,19.31,52.96,108.05,CC-960
INV-10611,Apollo Hospitals,Radiology,Analytics,us-west-2,294.12,306.3,50.24,2023-09-06,Overdue,Google Cloud,RES-2645,17.24,46.37,59.25,CC-977
INV-10793,Max Healthcare,Pediatrics,AI Services,ap-south-1,358.06,315.01,150.02,2023-09-06,Overdue,Google Cloud,RES-5706,63.21,56.19,144.87,CC-873
INV-10796,AIIMS,Emergency,Backup,us-east-1,527.01,169.92,82.45,2023-09-06,Paid,Azure,RES-2807,16.55,36.22,88.37,CC-311
INV-10799,Apollo Hospitals,Research,Compute,ap-southeast-1,40.02,141.54,10.6,2023-09-06,Pending,Azure,RES-7190,12.16,63.68,9.65,CC-932
INV-10016,Medanta,Emergency,IoT Hub,eu-west-1,119.91,148.35,20.95,2023-09-07,Paid,Google Cloud,RES-8811,19.41,59.23,23.56,CC-698
INV-10644,Tata Memorial,Research,Database,eu-central-1,14.91,384.72,14.9,2023-09-07,Pending,AWS,RES-5415,5.75,50.01,15.04,CC-649
INV-11041,AIIMS,Pediatrics,Security,us-east-1,151.08,8.02,22.82,2023-09-07,Pending,Azure,RES-3291,9.28,64.27,26.46,CC-867
INV-10624,Manipal Hospitals,Cardiology,Compute,us-west-2,224.91,298.08,47.64,2023-09-08,Paid,Azure,RES-8596,25.35,73.34,57.04,CC-191
INV-10230,Fortis Healthcare,Cardiology,Networking,ap-southeast-1,119.05,180.41,21.47,2023-09-09,Paid,Google Cloud,RES-4390,9.12,35.04,23.19,CC-126
INV-10931,Narayana Health,Orthopedics,Security,us-west-2,143.72,202.14,25.6,2023-09-09,Overdue,AWS,RES-2618,7.81,87.91,29.27,CC-824
INV-10259,Apollo Hospitals,Neurology,Compute,ap-southeast-1,115.89,45.04,21.94,2023-09-10,Paid,Google Cloud,RES-5327,55.54,71.5,21.43,CC-403
INV-10715,Narayana Health,Radiology,AI Services,us-west-2,364.04,495.13,161.27,2023-09-10,Paid,AWS,RES-1348,47.49,20.55,160.96,CC-690
INV-10726,Max Healthcare,Pharmacy,Backup,ap-southeast-1,378.22,54.59,57.82,2023-09-10,Pending,Google Cloud,RES-5361,1.95,31.16,54.04,CC-689
INV-11163,Fortis Healthcare,IT Dept,Analytics,ap-southeast-1,282.98,74.96,43.95,2023-09-10,Paid,Google Cloud,RES-3121,65.5,87.8,49.03,CC-954
INV-10171,Narayana Health,Pediatrics,AI Services,eu-west-1,431.6,97.77,166.74,2023-09-11,Paid,Google Cloud,RES-6399,19.52,35.9,166.68,CC-923
INV-10743,Apollo Hospitals,Orthopedics,IoT Hub,us-west-2,106.85,447.53,24.98,2023-09-11,Overdue,Google Cloud,RES-8945,13.15,23.16,27.87,CC-924
INV-10374,Apollo Hospitals,Pharmacy,Backup,us-east-1,617.34,271.75,98.04,2023-09-12,Paid,Azure,RES-8239,1.11,85.03,105.56,CC-519
INV-10671,Max Healthcare,Orthopedics,Networking,eu-central-1,392.51,246.3,63.8,2023-09-12,Paid,Google Cloud,RES-4593,11.19,29.56,71.1,CC-895
INV-10174,Christian Medical College,Pediatrics,Compute,eu-central-1,108.82,151.42,23.22,2023-09-13,Paid,Google Cloud,RES-8851,32.49,23.1,23.52,CC-712
INV-10846,Narayana Health,Radiology,Analytics,us-west-2,159.55,348.86,145.42,2023-09-13,Paid,Azure,RES-6657,69.9,31.73,173.1,CC-674
INV-10928,Fortis Healthcare,Oncology,AI Services,eu-west-1,139.07,109.19,57.61,2023-09-13,Paid,Google Cloud,RES-3908,40.73,84.13,62.21,CC-551
INV-10972,Manipal Hospitals,Orthopedics,Analytics,ap-southeast-1,317.33,473.67,57.07,2023-09-13,Paid,Google Cloud,RES-8810,24.22,92.37,67.82,CC-431
INV-11153,Christian Medical College,Research,Compute,us-west-2,483.77,85.16,89.12,2023-09-13,Paid,Azure,RES-9785,26.61,11.19,82.67,CC-940
INV-11072,Max Healthcare,Neurology,Analytics,ap-south-1,553.86,389.77,90.87,2023-09-14,Paid,AWS,RES-2507,51.41,20.38,89.37,CC-907
INV-10537,Apollo Hospitals,Pharmacy,IoT Hub,us-west-2,646.77,60.14,449.2,2023-09-15,Pending,Azure,RES-8278,18.79,25.28,437.33,CC-693
INV-10579,Christian Medical College,Oncology,Backup,ap-southeast-1,518.91,229.48,82.43,2023-09-15,Paid,AWS,RES-9615,4.83,94.24,94.58,CC-352
INV-10656,AIIMS,Neurology,Analytics,eu-central-1,571.53,83.47,87.4,2023-09-15,Paid,Google Cloud,RES-4116,34.4,92.24,103.72,CC-810
INV-10681,Max Healthcare,Neurology,Security,eu-central-1,81.71,403.75,20.33,2023-09-15,Pending,Google Cloud,RES-3641,3.85,59.91,21.87,CC-397
INV-10725,Narayana Health,Emergency,AI Services,us-west-2,315.9,166.87,477.43,2023-09-15,Paid,Azure,RES-7597,49.28,41.43,562.61,CC-293
INV-10868,Manipal Hospitals,Radiology,Backup,eu-west-1,229.25,220.02,38.79,2023-09-15,Overdue,Google Cloud,RES-9122,19.57,90.38,38.63,CC-581
INV-11040,AIIMS,Pediatrics,IoT Hub,eu-central-1,619.13,63.12,94.13,2023-09-15,Paid,AWS,RES-7268,1.69,16.24,108.49,CC-522
INV-11099,Manipal Hospitals,Emergency,Security,us-east-1,423.84,462.41,72.82,2023-09-15,Paid,AWS,RES-3691,6.28,46.3,73.33,CC-812
INV-10210,Narayana Health,IT Dept,Compute,ap-southeast-1,104.79,409.98,28.7,2023-09-16,Paid,AWS,RES-6161,16.66,58.26,34.13,CC-367
INV-10270,Fortis Healthcare,IT Dept,Analytics,eu-west-1,105.59,249.41,20.83,2023-09-16,Paid,Google Cloud,RES-3903,57.2,14.13,23.99,CC-620
INV-10433,Apollo Hospitals,Emergency,Storage,us-east-1,33.87,2679.05,58.66,2023-09-16,Paid,Azure,RES-1203,10.11,77.83,60.76,CC-671
INV-11001,Christian Medical College,Oncology,AI Services,eu-west-1,577.95,247.6,229.11,2023-09-16,Paid,AWS,RES-9879,91.51,69.07,258.15,CC-314
INV-11124,AIIMS,Cardiology,Compute,us-east-1,362.63,480.85,76.81,2023-09-16,Pending,Google Cloud,RES-9592,98.24,18.1,88.91,CC-837
INV-10060,Max Healthcare,Neurology,Backup,eu-central-1,199.69,1.28,29.98,2023-09-17,Pending,Azure,RES-9824,14.79,81.19,32.92,CC-557
INV-10240,Tata Memorial,Oncology,Compute,ap-south-1,296.4,390.26,62.72,2023-09-17,Paid,Google Cloud,RES-5087,56.66,58.34,72.92,CC-159
INV-10520,Fortis Healthcare,Neurology,Compute,ap-southeast-1,84.84,314.96,22.83,2023-09-17,Paid,AWS,RES-9165,87.51,87.43,22.55,CC-618
INV-10795,AIIMS,Orthopedics,Storage,ap-south-1,162.73,4262.39,109.66,2023-09-17,Paid,Azure,RES-8240,8.77,57.79,120.9,CC-928
INV-10915,Apollo Hospitals,Neurology,AI Services,ap-southeast-1,507.16,280.24,204.2,2023-09-17,Paid,Azure,RES-7629,77.35,55.75,226.39,CC-192
INV-10059,Fortis Healthcare,Oncology,Analytics,eu-west-1,510.84,207.75,80.78,2023-09-18,Paid,Azure,RES-9327,52.94,50.14,76.21,CC-713
INV-10198,Apollo Hospitals,Pediatrics,AI Services,ap-southeast-1,143.94,195.88,63.77,2023-09-18,Paid,Google Cloud,RES-9185,67.51,76.62,61.97,CC-346
INV-10205,Medanta,Neurology,Compute,us-west-2,11.82,429.34,12.43,2023-09-18,Paid,Google Cloud,RES-1579,11.09,13.91,14.62,CC-978
INV-10307,Manipal Hospitals,IT Dept,Database,us-east-1,294.4,169.22,71.32,2023-09-18,Overdue,AWS,RES-2492,11.46,69.25,67.63,CC-105
INV-10567,Fortis Healthcare,Oncology,IoT Hub,eu-central-1,275.73,259.45,46.55,2023-09-18,Overdue,Google Cloud,RES-5396,4.4,70.56,48.64,CC-585
INV-10776,Apollo Hospitals,Neurology,AI Services,ap-south-1,566.26,356.42,230.17,2023-09-18,Paid,Google Cloud,RES-2285,93.65,42.2,252.52,CC-880
INV-10935,Apollo Hospitals,Emergency,IoT Hub,ap-southeast-1,273.28,349.59,47.98,2023-09-18,Pending,AWS,RES-4335,18.3,18.39,56.03,CC-174
INV-10030,Christian Medical College,IT Dept,Analytics,eu-west-1,345.96,450.59,60.91,2023-09-19,Paid,AWS,RES-2530,80.85,24.42,64.24,CC-443
INV-10323,Max Healthcare,Pediatrics,Security,ap-south-1,356.12,368.26,60.78,2023-09-19,Paid,Google Cloud,RES-6527,17.9,42.39,66.22,CC-271
INV-10630,Narayana Health,Research,Security,ap-southeast-1,158.99,49.5,24.84,2023-09-19,Pending,Google Cloud,RES-4539,16.58,30.15,24.59,CC-237
INV-10976,Manipal Hospitals,IT Dept,Analytics,us-east-1,635.32,192.07,99.14,2023-09-19,Overdue,Azure,RES-5358,23.2,37.34,102.99,CC-845
INV-11176,Max Healthcare,Oncology,Analytics,eu-west-1,249.47,370.4,44.83,2023-09-19,Overdue,Azure,RES-6199,69.57,56.01,48.26,CC-915
INV-10213,Max Healthcare,Neurology,AI Services,ap-south-1,44.75,149.42,24.25,2023-09-20,Paid,Azure,RES-5093,82.99,24.78,28.04,CC-663
INV-10243,Manipal Hospitals,Orthopedics,Backup,eu-west-1,24.24,390.15,11.44,2023-09-20,Paid,Azure,RES-4666,15.58,10.76,12.52,CC-108
INV-10299,Apollo Hospitals,Oncology,Database,us-west-2,37.83,286.13,17.1,2023-09-20,Paid,Google Cloud,RES-1305,2.06,31.95,20.31,CC-677
INV-10404,Narayana Health,Research,Storage,eu-central-1,653.3,2891.13,155.82,2023-09-20,Paid,Azure,RES-5981,7.3,40.0,154.01,CC-811
INV-10801,Manipal Hospitals,Pharmacy,Backup,ap-south-1,537.87,151.08,83.7,2023-09-20,Paid,Azure,RES-2524,9.72,18.47,89.8,CC-539
INV-11020,Medanta,Pediatrics,Backup,ap-south-1,171.77,463.41,35.03,2023-09-20,Paid,Google Cloud,RES-9481,7.16,30.35,41.75,CC-443
INV-10639,AIIMS,Research,Database,eu-central-1,496.44,338.39,411.9,2023-09-21,Paid,Azure,RES-9754,11.12,20.6,473.45,CC-535
INV-10893,Christian Medical College,IT Dept,AI Services,us-west-2,102.16,471.14,61.87,2023-09-21,Pending,AWS,RES-5092,30.07,16.99,63.18,CC-207
INV-10203,Apollo Hospitals,Oncology,Analytics,ap-south-1,565.92,360.38,92.1,2023-09-22,Pending,Google Cloud,RES-1480,24.86,20.79,90.32,CC-889
INV-10478,Tata Memorial,Oncology,Storage,eu-west-1,622.52,2905.37,151.49,2023-09-22,Overdue,Google Cloud,RES-8106,5.05,91.78,157.58,CC-645
INV-10552,Fortis Healthcare,Research,Analytics,eu-central-1,548.91,441.9,91.17,2023-09-22,Paid,Azure,RES-6483,29.98,33.62,94.33,CC-299
INV-11116,Max Healthcare,Research,Analytics,eu-central-1,147.64,359.09,29.33,2023-09-22,Paid,AWS,RES-7554,26.7,65.06,28.53,CC-244
INV-10055,Apollo Hospitals,Pediatrics,Storage,us-west-2,472.57,4584.56,162.58,2023-09-23,Paid,Azure,RES-7690,4.45,59.75,170.31,CC-456
INV-10120,Max Healthcare,Emergency,IoT Hub,us-east-1,118.64,82.33,19.44,2023-09-23,Pending,AWS,RES-2292,7.13,70.29,22.98,CC-966
INV-10369,Fortis Healthcare,IT Dept,Analytics,us-east-1,391.89,491.92,68.62,2023-09-23,Paid,AWS,RES-7521,13.49,42.93,81.57,CC-550
INV-10440,Fortis Healthcare,Oncology,Analytics,us-west-2,685.99,11.35,103.13,2023-09-24,Paid,AWS,RES-1351,47.07,68.0,107.48,CC-855
INV-10441,Medanta,Orthopedics,Compute,us-east-1,467.72,205.85,89.13,2023-09-24,Paid,AWS,RES-9986,40.51,64.91,96.08,CC-962
INV-10612,AIIMS,Pediatrics,AI Services,eu-west-1,632.13,392.43,256.67,2023-09-24,Pending,AWS,RES-8648,73.78,12.7,237.71,CC-661
INV-11022,Tata Memorial,Radiology,AI Services,eu-central-1,133.13,362.3,68.04,2023-09-24,Pending,Google Cloud,RES-9142,87.98,64.28,77.36,CC-287
INV-10342,Narayana Health,Emergency,Security,us-east-1,477.81,21.89,231.77,2023-09-25,Paid,AWS,RES-7366,18.82,25.18,221.92,CC-757
INV-10387,Manipal Hospitals,Cardiology,Analytics,eu-central-1,92.24,155.49,16.95,2023-09-25,Pending,Google Cloud,RES-9529,13.92,82.09,16.95,CC-205
INV-10902,Medanta,Cardiology,Networking,ap-south-1,700.13,446.87,113.96,2023-09-25,Paid,Azure,RES-6105,9.89,21.57,102.58,CC-669
INV-10326,Christian Medical College,Research,Storage,us-east-1,553.15,462.09,92.21,2023-09-26,Paid,Azure,RES-5655,5.99,23.2,107.48,CC-353
INV-10354,AIIMS,Pharmacy,AI Services,ap-southeast-1,184.83,35.82,71.1,2023-09-26,Paid,Google Cloud,RES-6984,79.13,37.49,65.9,CC-533
INV-10658,Apollo Hospitals,Research,Analytics,ap-southeast-1,193.77,426.24,37.59,2023-09-26,Paid,Google Cloud,RES-1640,36.38,32.82,36.36,CC-398
INV-10785,Christian Medical College,Radiology,Storage,ap-southeast-1,421.68,4228.12,147.81,2023-09-26,Paid,Google Cloud,RES-4451,9.11,37.44,140.94,CC-933
INV-10807,Apollo Hospitals,Emergency,Analytics,us-west-2,355.91,374.5,60.88,2023-09-26,Paid,Google Cloud,RES-5441,58.69,43.95,62.75,CC-792
INV-10891,Apollo Hospitals,Research,Networking,ap-southeast-1,130.52,50.06,20.58,2023-09-26,Overdue,Google Cloud,RES-7800,7.62,28.93,18.93,CC-575
INV-10345,Manipal Hospitals,Research,Networking,us-west-2,476.38,285.01,77.16,2023-09-27,Pending,AWS,RES-6864,19.0,57.47,86.71,CC-690
INV-10144,Manipal Hospitals,Orthopedics,Compute,ap-southeast-1,509.67,39.05,92.68,2023-09-28,Paid,Azure,RES-3695,60.21,15.25,97.47,CC-253
INV-10653,Narayana Health,Radiology,Security,eu-west-1,439.35,119.13,68.29,2023-09-28,Paid,Google Cloud,RES-2971,6.24,59.67,63.64,CC-716
INV-10675,Max Healthcare,Oncology,Analytics,eu-west-1,505.98,149.75,78.89,2023-09-28,Paid,AWS,RES-1983,46.63,38.67,87.46,CC-259
INV-11039,AIIMS,Oncology,Storage,ap-south-1,577.18,3403.75,154.65,2023-09-28,Overdue,Azure,RES-6798,8.51,56.02,163.54,CC-632
INV-10303,Tata Memorial,Emergency,Security,us-east-1,314.56,469.21,56.57,2023-09-29,Overdue,Google Cloud,RES-2600,10.16,75.34,64.57,CC-957
INV-10409,AIIMS,Emergency,Analytics,ap-south-1,627.9,5.93,94.3,2023-09-29,Paid,AWS,RES-2595,92.52,48.15,112.08,CC-142
INV-10668,Apollo Hospitals,Pharmacy,Database,us-west-2,247.74,90.68,58.46,2023-09-29,Paid,Azure,RES-2702,9.08,85.91,63.57,CC-996
INV-10767,Manipal Hospitals,Emergency,Database,eu-west-1,47.1,152.57,64.0,2023-09-30,Overdue,Azure,RES-4547,11.29,39.56,74.75,CC-368
INV-11102,AIIMS,Cardiology,Database,ap-south-1,134.32,421.45,42.87,2023-09-30,Paid,AWS,RES-4756,8.99,17.21,39.52,CC-545
INV-10274,Tata Memorial,IT Dept,Networking,eu-west-1,213.01,423.65,133.02,2023-10-01,Paid,Google Cloud,RES-3636,16.36,54.43,146.47,CC-868
INV-10840,Tata Memorial,Emergency,AI Services,us-west-2,77.15,363.39,47.1,2023-10-01,Paid,AWS,RES-9577,66.33,46.64,56.12,CC-349
INV-11159,AIIMS,IT Dept,Storage,ap-southeast-1,558.53,1379.16,111.36,2023-10-01,Paid,Google Cloud,RES-3078,9.17,61.76,118.49,CC-262
INV-10978,Medanta,Radiology,Analytics,ap-south-1,152.04,405.36,30.91,2023-10-02,Paid,Google Cloud,RES-9577,26.75,88.52,30.56,CC-299
INV-11068,Apollo Hospitals,Emergency,Storage,us-east-1,588.24,2755.4,143.34,2023-10-02,Paid,Azure,RES-1838,8.92,52.65,163.18,CC-413
INV-10006,Medanta,Oncology,AI Services,eu-west-1,196.55,292.29,88.32,2023-10-03,Paid,Google Cloud,RES-1771,89.91,43.95,105.92,CC-193
INV-10153,AIIMS,Oncology,Backup,eu-central-1,346.2,424.67,60.42,2023-10-03,Paid,AWS,RES-9683,6.71,70.14,70.96,CC-526
INV-10283,Manipal Hospitals,Orthopedics,Networking,us-east-1,598.41,439.32,98.55,2023-10-03,Paid,AWS,RES-8523,15.09,47.0,90.83,CC-124
INV-10312,Medanta,Radiology,Compute,ap-southeast-1,587.33,287.45,112.62,2023-10-03,Pending,Azure,RES-8517,71.78,92.11,127.37,CC-894
INV-10848,Medanta,Research,Analytics,us-west-2,103.51,303.56,21.6,2023-10-03,Paid,Azure,RES-3606,85.62,18.24,25.87,CC-282
INV-10035,Medanta,Orthopedics,Backup,ap-south-1,67.21,75.42,11.59,2023-10-04,Paid,Azure,RES-7812,8.28,22.99,11.87,CC-577
INV-10039,AIIMS,Pediatrics,Compute,eu-central-1,46.98,475.96,19.88,2023-10-04,Paid,AWS,RES-4266,29.96,15.83,18.13,CC-353
INV-10417,Christian Medical College,Emergency,Networking,eu-west-1,170.35,192.21,29.4,2023-10-04,Overdue,AWS,RES-5961,14.1,76.29,31.18,CC-441
INV-10613,Max Healthcare,IT Dept,Compute,eu-central-1,181.04,105.82,35.13,2023-10-04,Pending,Google Cloud,RES-6349,77.04,66.08,36.2,CC-264
INV-10764,Manipal Hospitals,Research,Backup,ap-south-1,367.45,27.0,55.66,2023-10-05,Paid,Google Cloud,RES-9535,18.11,69.97,54.77,CC-240
INV-11071,Max Healthcare,Radiology,Compute,ap-south-1,501.01,319.51,97.85,2023-10-05,Overdue,Azure,RES-5424,16.78,23.22,115.57,CC-167
INV-10175,AIIMS,Research,IoT Hub,eu-west-1,36.1,484.21,15.1,2023-10-06,Paid,Azure,RES-6816,14.33,79.05,17.73,CC-354
INV-10666,Tata Memorial,Neurology,Storage,us-east-1,220.68,2582.13,84.74,2023-10-06,Paid,AWS,RES-6788,16.89,22.06,76.88,CC-250
INV-10763,Christian Medical College,Neurology,Compute,us-east-1,156.16,352.63,36.57,2023-10-06,Paid,Azure,RES-5795,82.39,86.3,37.78,CC-475
INV-11155,Tata Memorial,Orthopedics,Compute,ap-southeast-1,493.89,159.22,92.72,2023-10-06,Paid,AWS,RES-9922,12.59,29.46,110.14,CC-904
INV-10159,Max Healthcare,Radiology,Database,us-west-2,356.7,458.45,94.01,2023-10-07,Pending,Google Cloud,RES-1794,11.3,64.55,85.56,CC-937
INV-10571,Fortis Healthcare,Neurology,Compute,ap-south-1,152.22,98.32,29.76,2023-10-07,Paid,AWS,RES-3258,39.3,35.73,32.89,CC-822
INV-10695,Apollo Hospitals,Orthopedics,AI Services,eu-central-1,559.81,300.47,224.95,2023-10-07,Overdue,Google Cloud,RES-6960,29.24,27.83,248.32,CC-479
INV-10534,Manipal Hospitals,Oncology,Analytics,us-east-1,257.54,435.21,47.34,2023-10-08,Pending,AWS,RES-3175,47.16,58.71,55.39,CC-586
INV-10777,Fortis Healthcare,Orthopedics,IoT Hub,ap-southeast-1,531.11,269.48,85.06,2023-10-08,Paid,Google Cloud,RES-8225,3.3,84.67,92.05,CC-632
INV-10346,Christian Medical College,Emergency,Compute,us-west-2,295.11,168.76,57.17,2023-10-09,Paid,AWS,RES-7090,24.08,94.87,57.5,CC-432
INV-10156,Manipal Hospitals,Pharmacy,AI Services,eu-central-1,238.35,141.53,96.46,2023-10-10,Pending,AWS,RES-2615,51.5,65.14,97.22,CC-577
INV-10699,Medanta,Emergency,AI Services,us-west-2,280.57,97.78,110.1,2023-10-10,Paid,Azure,RES-7484,51.79,20.58,129.28,CC-940
INV-10787,Manipal Hospitals,Pediatrics,Database,us-east-1,605.54,377.43,147.57,2023-10-10,Pending,AWS,RES-9001,1.52,86.72,156.71,CC-106
INV-11069,Christian Medical College,Pharmacy,AI Services,ap-southeast-1,214.17,57.94,83.21,2023-10-10,Paid,Google Cloud,RES-1232,30.9,94.09,83.09,CC-305
INV-10697,Max Healthcare,IT Dept,Networking,ap-south-1,432.37,271.38,70.28,2023-10-11,Paid,AWS,RES-2625,8.25,81.83,72.48,CC-735
INV-10899,Max Healthcare,Radiology,Backup,eu-central-1,708.86,41.48,107.16,2023-10-11,Overdue,Azure,RES-3321,17.47,52.9,126.7,CC-299
INV-11027,Tata Memorial,Radiology,AI Services,us-west-2,424.73,381.18,178.33,2023-10-11,Paid,AWS,RES-2493,25.29,92.14,189.48,CC-264
INV-11077,Tata Memorial,Neurology,Database,eu-central-1,717.26,362.95,804.59,2023-10-11,Paid,Azure,RES-7973,7.47,63.12,800.66,CC-941
INV-10278,Fortis Healthcare,Emergency,Storage,eu-central-1,197.61,846.6,46.57,2023-10-12,Paid,Azure,RES-1833,17.07,10.48,55.01,CC-430
INV-10128,Max Healthcare,Neurology,Networking,ap-south-1,676.65,377.48,109.05,2023-10-13,Paid,Azure,RES-8761,4.78,53.28,99.63,CC-441
INV-10322,Narayana Health,Pediatrics,Security,ap-south-1,671.61,128.86,103.32,2023-10-13,Paid,Google Cloud,RES-9821,1.38,20.31,122.84,CC-689
INV-10495,AIIMS,Emergency,Backup,us-east-1,51.71,166.43,11.09,2023-10-13,Overdue,AWS,RES-1745,5.46,87.2,13.11,CC-712
INV-10519,Christian Medical College,Pediatrics,Security,ap-south-1,199.92,75.59,31.5,2023-10-13,Overdue,AWS,RES-8489,14.11,53.81,35.03,CC-548
INV-10574,AIIMS,Emergency,AI Services,eu-central-1,31.37,69.48,15.24,2023-10-13,Paid,Azure,RES-6567,87.76,35.97,16.0,CC-463
INV-10437,Apollo Hospitals,Radiology,Security,us-west-2,510.46,280.38,82.18,2023-10-14,Paid,Google Cloud,RES-4437,15.7,21.76,87.27,CC-855
INV-10245,Fortis Healthcare,Cardiology,IoT Hub,eu-west-1,469.61,304.53,76.53,2023-10-15,Paid,Azure,RES-5536,6.67,19.19,91.57,CC-982
INV-10321,Tata Memorial,Radiology,Analytics,ap-south-1,619.54,23.85,93.41,2023-10-15,Pending,Azure,RES-8370,18.81,23.88,91.19,CC-198
INV-10909,AIIMS,Pediatrics,Compute,eu-west-1,440.71,282.81,86.12,2023-10-15,Paid,Azure,RES-2615,63.99,83.98,78.6,CC-958
INV-10347,AIIMS,Emergency,Security,ap-southeast-1,397.39,187.53,63.36,2023-10-16,Overdue,AWS,RES-1567,11.45,73.29,65.62,CC-100
INV-11046,Tata Memorial,Cardiology,IoT Hub,eu-west-1,369.22,499.32,65.37,2023-10-17,Pending,Google Cloud,RES-5376,3.91,80.1,72.84,CC-750
INV-11137,AIIMS,Pharmacy,AI Services,us-west-2,83.09,10.64,31.69,2023-10-17,Paid,Azure,RES-4119,54.54,36.32,37.79,CC-279
INV-11148,Christian Medical College,IT Dept,Networking,us-east-1,506.49,300.9,81.99,2023-10-17,Paid,AWS,RES-4199,15.61,32.4,86.68,CC-168
INV-10164,Tata Memorial,Cardiology,AI Services,us-west-2,347.61,23.28,131.52,2023-10-18,Paid,Google Cloud,RES-6152,16.62,88.67,140.6,CC-970
INV-10474,Narayana Health,Cardiology,Analytics,eu-west-1,375.48,210.59,219.92,2023-10-18,Paid,Azure,RES-9001,11.82,49.92,235.56,CC-200
INV-10859,Narayana Health,Pediatrics,Backup,eu-west-1,460.07,237.64,73.76,2023-10-18,Paid,AWS,RES-7295,9.36,35.06,81.76,CC-399
INV-10044,Fortis Healthcare,Pediatrics,Analytics,us-west-2,443.34,189.49,70.29,2023-10-19,Pending,Azure,RES-5581,12.55,82.33,67.73,CC-448
INV-11083,Fortis Healthcare,Radiology,Database,us-west-2,507.5,51.94,115.75,2023-10-19,Pending,Google Cloud,RES-9350,16.43,49.98,108.57,CC-941
INV-11199,Manipal Hospitals,Orthopedics,AI Services,us-east-1,146.64,190.14,64.5,2023-10-20,Paid,Azure,RES-9535,28.55,11.14,70.64,CC-408
INV-10118,Manipal Hospitals,IT Dept,Storage,ap-south-1,271.93,4028.13,121.35,2023-10-21,Overdue,Google Cloud,RES-8842,11.48,62.02,120.47,CC-836
INV-10142,Medanta,Radiology,Backup,ap-southeast-1,18.12,326.84,9.25,2023-10-21,Paid,Google Cloud,RES-6095,14.16,15.28,9.18,CC-614
INV-10405,Medanta,Cardiology,Analytics,ap-southeast-1,46.65,495.18,16.9,2023-10-21,Paid,AWS,RES-5552,81.99,63.07,15.63,CC-971
INV-10476,Manipal Hospitals,Pediatrics,Backup,us-east-1,295.44,112.94,46.57,2023-10-21,Paid,Azure,RES-9700,15.11,17.82,43.24,CC-168
INV-10529,Manipal Hospitals,Radiology,Backup,ap-south-1,487.43,357.18,80.26,2023-10-21,Pending,Google Cloud,RES-8443,10.87,31.05,86.26,CC-469
INV-10619,Medanta,Research,Compute,ap-south-1,349.58,414.34,72.87,2023-10-21,Paid,Google Cloud,RES-4450,54.06,69.85,87.03,CC-947
INV-10960,Tata Memorial,Cardiology,Database,ap-southeast-1,23.64,190.34,47.91,2023-10-21,Paid,AWS,RES-9398,18.19,42.3,53.13,CC-922
INV-11038,Max Healthcare,Oncology,AI Services,ap-southeast-1,566.04,231.2,223.82,2023-10-21,Paid,Azure,RES-2098,50.49,70.37,212.32,CC-143
INV-11135,Tata Memorial,Radiology,Compute,ap-south-1,139.06,7.89,25.22,2023-10-21,Pending,Azure,RES-7893,98.59,94.31,23.95,CC-823
INV-11167,Medanta,Emergency,AI Services,us-west-2,673.52,170.09,261.07,2023-10-21,Paid,Google Cloud,RES-8918,24.63,16.77,260.64,CC-445
INV-10090,AIIMS,Cardiology,Analytics,us-east-1,314.79,202.21,51.26,2023-10-22,Paid,Azure,RES-8538,66.97,34.61,60.99,CC-732
INV-10151,Max Healthcare,Research,Backup,us-west-2,236.42,298.96,41.44,2023-10-22,Paid,Google Cloud,RES-7775,13.78,37.26,39.08,CC-326
INV-10379,AIIMS,Pharmacy,Security,ap-south-1,716.47,176.93,111.01,2023-10-22,Paid,Google Cloud,RES-4812,3.46,57.82,120.95,CC-284
INV-10453,Medanta,IT Dept,Compute,ap-south-1,22.46,129.77,7.16,2023-10-22,Paid,Google Cloud,RES-5467,61.77,22.42,7.93,CC-154
INV-10580,Narayana Health,Pharmacy,Analytics,eu-central-1,37.75,45.55,6.57,2023-10-22,Pending,Azure,RES-3869,67.52,88.11,7.57,CC-500
INV-10932,Tata Memorial,Neurology,Security,ap-southeast-1,508.57,260.84,81.5,2023-10-22,Pending,Google Cloud,RES-7984,15.38,64.67,76.66,CC-399
INV-11120,Medanta,Emergency,Backup,ap-south-1,691.58,265.18,109.04,2023-10-22,Paid,Google Cloud,RES-9207,18.41,11.91,101.7,CC-814
INV-10027,Narayana Health,Emergency,IoT Hub,us-east-1,144.96,22.19,22.19,2023-10-23,Overdue,Azure,RES-4228,9.29,54.19,24.54,CC-854
INV-10084,Medanta,Pharmacy,Backup,ap-south-1,370.26,77.37,57.09,2023-10-23,Paid,AWS,RES-4705,10.16,82.02,60.91,CC-385
INV-10122,Apollo Hospitals,Cardiology,Compute,us-east-1,197.91,105.4,182.3,2023-10-23,Paid,Google Cloud,RES-8912,60.92,62.54,193.91,CC-409
INV-10975,Narayana Health,IT Dept,Backup,ap-southeast-1,573.61,349.16,93.02,2023-10-23,Overdue,Azure,RES-4883,18.14,92.07,99.69,CC-825
INV-10296,Fortis Healthcare,Research,Backup,eu-west-1,396.49,86.92,61.21,2023-10-24,Paid,Azure,RES-4651,13.42,41.05,70.43,CC-485
INV-10131,Medanta,Pharmacy,AI Services,eu-west-1,351.12,262.12,144.78,2023-10-26,Paid,AWS,RES-2800,74.19,75.84,165.99,CC-686
INV-10986,Apollo Hospitals,Orthopedics,Storage,us-west-2,358.94,1779.44,89.43,2023-10-26,Paid,AWS,RES-9785,2.53,84.94,102.73,CC-255
INV-10451,Medanta,Research,Analytics,us-east-1,225.78,279.64,139.11,2023-10-27,Pending,Azure,RES-3034,51.25,12.28,165.1,CC-583
INV-11033,Medanta,IT Dept,Database,us-west-2,467.96,299.55,114.28,2023-10-27,Pending,AWS,RES-3601,16.39,81.9,115.35,CC-192
INV-10067,Tata Memorial,Oncology,Compute,eu-central-1,222.4,481.01,51.58,2023-10-28,Pending,Azure,RES-4886,71.44,48.83,61.89,CC-209
INV-10934,Tata Memorial,Cardiology,AI Services,us-east-1,540.97,285.64,663.58,2023-10-28,Paid,Azure,RES-9810,25.43,36.66,789.68,CC-460
INV-11178,Max Healthcare,Pediatrics,Security,eu-west-1,469.61,116.04,72.76,2023-10-28,Pending,AWS,RES-6340,19.21,21.15,84.76,CC-918
INV-10734,Max Healthcare,Pediatrics,Security,ap-south-1,306.28,496.97,55.88,2023-10-29,Paid,Azure,RES-8455,6.88,13.49,56.05,CC-543
INV-10750,Tata Memorial,Pediatrics,Database,eu-west-1,688.19,174.05,752.95,2023-10-29,Paid,Azure,RES-9182,12.73,44.32,713.61,CC-208
INV-11066,Apollo Hospitals,Pediatrics,Security,us-east-1,455.2,395.92,76.2,2023-10-29,Paid,Azure,RES-6163,10.02,84.65,89.48,CC-336
INV-10301,Medanta,Oncology,Security,eu-central-1,58.88,189.11,12.61,2023-10-30,Paid,Google Cloud,RES-3450,3.51,11.41,14.79,CC-946
INV-10399,Medanta,Cardiology,AI Services,eu-central-1,289.93,159.06,116.68,2023-10-30,Paid,Google Cloud,RES-7301,44.07,42.43,128.2,CC-292
INV-10422,Medanta,Neurology,Analytics,ap-southeast-1,55.41,408.74,16.49,2023-10-30,Paid,AWS,RES-7586,20.16,60.57,15.15,CC-445
INV-10432,Fortis Healthcare,Emergency,IoT Hub,eu-central-1,346.18,231.38,56.55,2023-10-30,Paid,AWS,RES-3440,1.28,46.39,55.1,CC-327
INV-11085,Tata Memorial,Pediatrics,Security,us-west-2,302.2,289.17,51.11,2023-10-30,Paid,Azure,RES-9153,6.12,62.39,56.84,CC-719
INV-11141,Narayana Health,Cardiology,IoT Hub,us-west-2,551.8,272.25,88.22,2023-10-30,Paid,Azure,RES-7667,3.79,66.18,93.97,CC-452
INV-10527,Narayana Health,Oncology,Storage,us-east-1,193.67,4169.53,112.44,2023-10-31,Pending,Google Cloud,RES-9314,6.77,45.93,125.89,CC-365
INV-10736,Apollo Hospitals,IT Dept,Storage,us-west-2,97.64,2467.41,63.99,2023-10-31,Paid,Azure,RES-5641,1.1,39.94,58.55,CC-999
INV-10235,Fortis Healthcare,Emergency,AI Services,eu-west-1,193.1,455.4,95.18,2023-11-01,Paid,AWS,RES-9514,91.36,15.7,97.01,CC-382
INV-11050,Tata Memorial,Oncology,IoT Hub,eu-west-1,562.59,122.65,86.84,2023-11-01,Paid,Azure,RES-7630,16.48,46.88,102.64,CC-841
INV-10007,Fortis Healthcare,Oncology,Database,eu-west-1,55.1,190.81,18.12,2023-11-02,Paid,Azure,RES-2876,19.93,54.97,20.99,CC-838
INV-10330,Christian Medical College,Pediatrics,Storage,eu-central-1,174.16,85.73,27.84,2023-11-02,Paid,Azure,RES-7385,8.1,45.0,28.35,CC-854
INV-10738,AIIMS,Emergency,Compute,ap-south-1,230.62,281.95,48.28,2023-11-02,Paid,Azure,RES-7820,70.42,37.41,53.35,CC-238
INV-10396,Christian Medical College,Oncology,Backup,eu-central-1,87.21,407.03,21.22,2023-11-03,Paid,AWS,RES-3276,15.66,42.21,23.3,CC-936
INV-10590,Apollo Hospitals,Neurology,AI Services,eu-central-1,364.7,495.24,161.52,2023-11-03,Paid,Azure,RES-6314,73.42,77.26,172.95,CC-197
INV-10805,Max Healthcare,Cardiology,Security,eu-west-1,298.64,2.79,44.85,2023-11-03,Paid,Google Cloud,RES-4862,14.12,74.18,47.71,CC-767
INV-10996,Manipal Hospitals,Cardiology,Backup,ap-south-1,270.78,410.36,48.82,2023-11-03,Paid,AWS,RES-6681,11.35,41.73,54.57,CC-428
INV-11019,AIIMS,Pharmacy,IoT Hub,eu-west-1,479.32,286.99,77.64,2023-11-03,Paid,Google Cloud,RES-2031,9.92,17.73,77.85,CC-746
INV-10271,Max Healthcare,Oncology,Compute,eu-central-1,440.37,160.92,83.13,2023-11-04,Paid,Google Cloud,RES-6617,88.44,45.59,92.09,CC-507
INV-10690,Max Healthcare,Orthopedics,Security,ap-southeast-1,559.69,31.2,84.58,2023-11-04,Paid,AWS,RES-7929,16.36,77.11,81.54,CC-123
INV-10701,Apollo Hospitals,Cardiology,Database,ap-south-1,235.4,85.21,55.52,2023-11-04,Paid,Google Cloud,RES-1845,11.87,46.55,56.49,CC-502
INV-11136,AIIMS,Pediatrics,IoT Hub,eu-west-1,539.67,337.95,87.71,2023-11-04,Paid,Google Cloud,RES-6999,15.46,82.61,92.68,CC-902
INV-10112,Medanta,Neurology,Networking,us-east-1,716.52,90.23,109.28,2023-11-05,Paid,Azure,RES-7981,6.58,18.72,108.04,CC-834
INV-10272,Medanta,IT Dept,Database,us-west-2,507.01,374.21,125.3,2023-11-05,Overdue,Azure,RES-4560,6.68,69.63,139.53,CC-747
INV-10277,Christian Medical College,Orthopedics,Security,ap-southeast-1,149.49,362.46,29.67,2023-11-05,Overdue,Google Cloud,RES-9418,4.68,48.15,27.37,CC-852
INV-10907,Manipal Hospitals,Research,Compute,us-east-1,691.41,432.54,134.83,2023-11-05,Paid,Google Cloud,RES-2723,31.48,82.25,149.73,CC-158
INV-10930,Tata Memorial,Oncology,Compute,eu-central-1,120.23,306.6,29.0,2023-11-05,Pending,AWS,RES-2072,40.03,48.65,33.34,CC-219
INV-10468,Fortis Healthcare,IT Dept,Storage,us-west-2,492.24,806.05,89.96,2023-11-06,Pending,Azure,RES-8635,12.82,18.19,101.25,CC-911
INV-10661,Fortis Healthcare,Emergency,Backup,eu-west-1,401.12,408.42,68.34,2023-11-06,Pending,Google Cloud,RES-8308,5.19,32.85,78.07,CC-259
INV-10744,Manipal Hospitals,Neurology,Compute,us-east-1,634.73,259.91,483.36,2023-11-06,Overdue,AWS,RES-7628,32.0,18.81,491.68,CC-407
INV-10886,Fortis Healthcare,Oncology,AI Services,us-east-1,264.46,497.68,124.06,2023-11-06,Paid,Azure,RES-2834,46.95,27.88,130.52,CC-620
INV-11127,Narayana Health,Oncology,Storage,us-east-1,60.35,659.71,22.25,2023-11-06,Paid,Azure,RES-9681,10.99,75.61,23.62,CC-506
INV-11190,Christian Medical College,Pharmacy,Compute,us-west-2,595.66,430.31,117.55,2023-11-06,Paid,Azure,RES-8676,49.05,25.88,108.26,CC-352
INV-10585,Christian Medical College,Pediatrics,Database,us-west-2,81.37,147.07,22.72,2023-11-07,Paid,AWS,RES-8219,11.16,43.22,25.65,CC-257
INV-10652,Narayana Health,Orthopedics,Backup,eu-central-1,81.54,92.42,14.08,2023-11-07,Paid,Azure,RES-3134,19.02,40.9,13.08,CC-665
INV-10708,Max Healthcare,Research,Backup,us-east-1,30.98,11.52,4.88,2023-11-07,Paid,AWS,RES-3270,10.72,22.95,4.56,CC-435
INV-10817,Fortis Healthcare,Radiology,Backup,ap-southeast-1,203.85,323.61,37.05,2023-11-07,Paid,AWS,RES-1498,13.19,43.85,41.17,CC-158
INV-11123,Tata Memorial,IT Dept,Compute,ap-southeast-1,702.67,120.55,129.37,2023-11-07,Paid,AWS,RES-1642,18.14,67.7,121.66,CC-331
INV-10663,Medanta,Oncology,Database,eu-central-1,143.37,71.76,34.41,2023-11-08,Pending,Google Cloud,RES-1193,9.1,48.68,35.12,CC-240
INV-10196,Max Healthcare,Neurology,IoT Hub,ap-southeast-1,471.51,220.05,75.13,2023-11-09,Paid,AWS,RES-4559,14.73,63.39,76.9,CC-980
INV-10403,Medanta,IT Dept,IoT Hub,us-east-1,72.8,236.23,15.64,2023-11-09,Pending,Google Cloud,RES-1864,15.09,91.63,17.05,CC-419
INV-10792,Apollo Hospitals,Emergency,Compute,eu-central-1,158.07,89.06,30.59,2023-11-09,Paid,Google Cloud,RES-9691,47.22,32.36,32.89,CC-595
INV-10378,AIIMS,Research,AI Services,eu-west-1,51.31,285.68,33.53,2023-11-10,Paid,AWS,RES-5705,97.16,54.96,37.46,CC-907
INV-10491,Manipal Hospitals,Cardiology,Storage,ap-southeast-1,454.91,4538.88,159.01,2023-11-10,Paid,Google Cloud,RES-5262,19.51,26.85,151.16,CC-539
INV-10514,Christian Medical College,Emergency,Analytics,ap-southeast-1,674.05,452.54,110.16,2023-11-10,Paid,Google Cloud,RES-2040,87.22,29.71,99.77,CC-666
INV-10745,Christian Medical College,Oncology,AI Services,ap-southeast-1,493.74,429.66,206.64,2023-11-10,Pending,Azure,RES-4943,64.93,46.75,197.43,CC-773
INV-10918,Max Healthcare,Cardiology,Backup,us-west-2,353.12,219.47,57.36,2023-11-10,Paid,AWS,RES-7342,11.57,94.86,54.83,CC-509
INV-11045,Narayana Health,Cardiology,Analytics,eu-central-1,336.81,310.89,56.74,2023-11-10,Paid,Azure,RES-8100,35.36,14.33,53.16,CC-599
INV-11065,Tata Memorial,Emergency,IoT Hub,ap-southeast-1,149.63,384.86,30.14,2023-11-10,Paid,Google Cloud,RES-8478,14.89,13.35,32.47,CC-873
INV-10107,Manipal Hospitals,Oncology,Backup,eu-central-1,260.5,285.33,44.78,2023-11-11,Overdue,AWS,RES-9312,4.56,66.8,45.15,CC-657
INV-10813,Max Healthcare,Cardiology,AI Services,us-west-2,114.01,82.41,46.87,2023-11-11,Paid,AWS,RES-7969,87.84,37.48,42.92,CC-550
INV-10838,Apollo Hospitals,Radiology,Backup,us-west-2,526.62,227.49,83.54,2023-11-11,Paid,Google Cloud,RES-7050,1.92,33.95,87.46,CC-713
INV-11093,Medanta,Pediatrics,AI Services,eu-west-1,417.83,462.22,179.8,2023-11-11,Overdue,Google Cloud,RES-7876,92.04,63.34,162.0,CC-435
INV-11114,AIIMS,Orthopedics,AI Services,eu-central-1,406.37,309.05,167.84,2023-11-11,Overdue,Google Cloud,RES-4027,80.0,11.44,183.09,CC-638
INV-11177,Medanta,Oncology,IoT Hub,us-west-2,656.45,483.82,108.14,2023-11-11,Pending,Azure,RES-1702,16.44,46.39,101.74,CC-140
INV-11187,Max Healthcare,Oncology,Database,ap-southeast-1,162.01,205.97,42.63,2023-11-11,Pending,Google Cloud,RES-5967,4.25,18.57,42.55,CC-177
INV-10290,Manipal Hospitals,Radiology,Analytics,eu-central-1,478.19,346.73,78.66,2023-11-12,Paid,Azure,RES-5033,23.56,58.18,93.42,CC-420
INV-10592,Tata Memorial,Pharmacy,Storage,us-west-2,548.85,664.08,95.61,2023-11-12,Paid,AWS,RES-5859,5.49,46.42,88.33,CC-610
INV-10650,Medanta,Orthopedics,Database,eu-central-1,151.75,432.18,47.11,2023-11-12,Paid,AWS,RES-8851,8.23,54.62,56.25,CC-536
INV-10698,Fortis Healthcare,Neurology,Compute,eu-west-1,672.07,51.84,122.22,2023-11-12,Paid,AWS,RES-1534,76.74,63.03,133.23,CC-925
INV-10064,AIIMS,Radiology,Analytics,ap-southeast-1,58.58,315.58,15.1,2023-11-13,Paid,AWS,RES-2646,91.96,94.78,15.56,CC-748
INV-10162,Fortis Healthcare,Research,Database,us-west-2,383.78,407.61,98.58,2023-11-14,Paid,AWS,RES-4700,6.08,43.74,100.73,CC-813
INV-10234,Apollo Hospitals,Research,IoT Hub,ap-southeast-1,114.69,474.63,26.7,2023-11-14,Paid,Google Cloud,RES-7936,9.53,90.67,25.73,CC-143
INV-10316,Apollo Hospitals,Research,Storage,eu-central-1,233.95,4495.7,125.01,2023-11-14,Pending,Azure,RES-5591,17.74,58.83,119.37,CC-623
INV-10436,Tata Memorial,Pharmacy,AI Services,eu-west-1,635.4,367.88,256.67,2023-11-14,Paid,AWS,RES-8624,14.88,90.35,299.38,CC-474
INV-10741,Manipal Hospitals,Pharmacy,IoT Hub,ap-south-1,395.72,282.79,65.01,2023-11-14,Paid,AWS,RES-9487,6.57,74.2,66.37,CC-926
INV-10991,Fortis Healthcare,Pharmacy,Compute,us-east-1,45.52,5.61,8.33,2023-11-14,Overdue,AWS,RES-1877,34.41,10.0,9.32,CC-199
INV-11035,Max Healthcare,Research,Compute,us-west-2,47.02,327.31,16.32,2023-11-14,Paid,AWS,RES-3751,79.8,91.08,15.55,CC-533
INV-11165,Medanta,Cardiology,Security,eu-central-1,245.63,228.32,41.41,2023-11-14,Paid,Azure,RES-6613,1.73,67.21,48.45,CC-864
INV-11180,Tata Memorial,Pharmacy,Networking,eu-central-1,716.52,245.31,112.38,2023-11-14,Paid,Google Cloud,RES-8226,10.49,82.28,108.63,CC-752
INV-10515,Medanta,Emergency,Analytics,us-east-1,676.66,173.38,104.97,2023-11-15,Paid,Azure,RES-9317,72.08,11.77,100.53,CC-337
INV-10028,Narayana Health,Emergency,Compute,eu-west-1,232.88,424.01,52.09,2023-11-16,Paid,Azure,RES-3085,74.06,35.53,53.26,CC-402
INV-10810,Tata Memorial,IT Dept,Security,us-east-1,342.77,78.23,52.98,2023-11-16,Overdue,AWS,RES-5656,7.66,57.53,57.68,CC-381
INV-10121,Medanta,Orthopedics,IoT Hub,ap-south-1,225.01,266.74,39.09,2023-11-17,Paid,AWS,RES-6531,10.55,24.33,36.99,CC-837
INV-10292,Medanta,Oncology,IoT Hub,us-west-2,64.29,37.7,43.29,2023-11-17,Paid,Azure,RES-5269,1.35,53.11,44.22,CC-137
INV-10331,AIIMS,Orthopedics,Backup,us-east-1,180.09,382.27,34.66,2023-11-17,Pending,Azure,RES-5404,18.29,78.64,34.15,CC-928
INV-10362,Fortis Healthcare,Emergency,IoT Hub,eu-west-1,497.43,208.67,78.79,2023-11-17,Paid,Google Cloud,RES-4387,11.89,46.25,85.22,CC-234
INV-10435,Christian Medical College,Oncology,Networking,us-west-2,339.65,316.7,57.28,2023-11-17,Paid,Azure,RES-5420,17.35,16.01,57.27,CC-536
INV-10852,Apollo Hospitals,Radiology,AI Services,us-west-2,345.06,45.48,131.67,2023-11-17,Paid,Google Cloud,RES-4162,42.96,73.15,144.34,CC-984
INV-10890,Apollo Hospitals,IT Dept,AI Services,ap-south-1,274.96,420.71,379.51,2023-11-17,Pending,Azure,RES-7679,65.35,12.42,395.13,CC-247
INV-10058,Medanta,IT Dept,Analytics,us-east-1,442.3,119.65,68.74,2023-11-19,Overdue,AWS,RES-8560,24.1,56.82,63.79,CC-216
INV-10783,Apollo Hospitals,Neurology,Security,eu-central-1,329.33,417.4,57.75,2023-11-19,Pending,Azure,RES-9345,6.5,50.55,55.15,CC-939
INV-11098,Fortis Healthcare,Neurology,Backup,ap-southeast-1,676.17,120.6,103.84,2023-11-19,Pending,Google Cloud,RES-9020,10.04,33.55,117.05,CC-962
INV-10251,Narayana Health,Oncology,Compute,eu-central-1,710.51,156.71,131.65,2023-11-20,Paid,Azure,RES-9021,15.16,48.42,149.04,CC-262
INV-10419,AIIMS,Neurology,Security,eu-central-1,320.97,94.73,50.04,2023-11-20,Paid,AWS,RES-9856,1.68,12.16,48.62,CC-911
INV-10424,Christian Medical College,Orthopedics,Storage,us-west-2,444.83,3899.43,486.07,2023-11-20,Paid,AWS,RES-7819,1.3,51.39,450.46,CC-390
INV-10642,Christian Medical College,Pediatrics,Backup,us-west-2,413.88,108.73,64.26,2023-11-20,Paid,AWS,RES-8999,6.79,89.31,73.75,CC-574
INV-10190,Medanta,Emergency,Networking,eu-central-1,574.17,384.44,93.81,2023-11-21,Paid,AWS,RES-6362,8.65,73.73,109.12,CC-599
INV-10372,Fortis Healthcare,Neurology,Compute,eu-west-1,267.69,261.91,54.47,2023-11-21,Paid,Azure,RES-1719,44.18,77.24,64.54,CC-489
INV-11108,Max Healthcare,Pharmacy,Analytics,us-east-1,398.18,368.87,67.1,2023-11-21,Paid,Azure,RES-1188,38.64,23.99,77.44,CC-883
INV-10901,Narayana Health,Oncology,Compute,eu-west-1,460.36,309.09,90.28,2023-11-22,Paid,AWS,RES-4312,85.05,73.84,106.77,CC-978
INV-10966,Max Healthcare,Radiology,AI Services,us-west-2,603.59,148.36,233.76,2023-11-22,Paid,Azure,RES-9692,46.69,64.45,227.98,CC-346
INV-10705,Medanta,Neurology,Database,eu-west-1,709.21,433.47,172.58,2023-11-23,Paid,AWS,RES-2520,3.11,88.81,162.67,CC-284
INV-10225,Max Healthcare,Pharmacy,Security,ap-southeast-1,411.54,468.34,71.1,2023-11-24,Paid,AWS,RES-6500,3.67,73.35,84.94,CC-190
INV-10285,Apollo Hospitals,Emergency,Compute,ap-southeast-1,521.4,31.62,94.61,2023-11-25,Paid,AWS,RES-5937,76.39,13.87,95.3,CC-396
INV-10659,Max Healthcare,Pediatrics,Database,ap-south-1,705.82,494.77,173.65,2023-11-25,Overdue,AWS,RES-2363,4.99,19.88,189.24,CC-432
INV-10854,Christian Medical College,Orthopedics,Database,eu-central-1,88.92,302.0,29.07,2023-11-25,Overdue,Google Cloud,RES-1529,7.29,88.21,30.19,CC-107
INV-10093,Christian Medical College,Pharmacy,Analytics,eu-west-1,461.06,312.26,75.4,2023-11-26,Paid,Google Cloud,RES-5500,86.92,63.31,69.4,CC-410
INV-10244,Medanta,Pharmacy,Backup,eu-west-1,205.52,447.74,39.78,2023-11-26,Paid,Google Cloud,RES-7506,17.18,49.01,39.41,CC-738
INV-10092,Tata Memorial,Research,AI Services,ap-south-1,588.68,118.13,226.66,2023-11-27,Paid,Azure,RES-9095,23.03,26.77,255.69,CC-281
INV-10452,Medanta,Emergency,Database,eu-central-1,183.77,59.68,43.14,2023-11-27,Paid,Google Cloud,RES-8144,6.27,94.52,48.48,CC-679
INV-10626,Fortis Healthcare,Pharmacy,Database,eu-central-1,508.94,149.18,118.99,2023-11-27,Paid,Azure,RES-1323,3.38,37.64,137.87,CC-515
INV-10712,Medanta,Pharmacy,Networking,ap-south-1,684.77,265.25,108.02,2023-11-27,Paid,Google Cloud,RES-2190,8.57,19.75,111.13,CC-351
INV-10888,AIIMS,IT Dept,Storage,ap-south-1,647.11,274.58,414.05,2023-11-28,Paid,Google Cloud,RES-2002,17.1,25.08,390.06,CC-139
INV-10115,Max Healthcare,Research,Security,eu-central-1,207.87,480.26,40.79,2023-11-29,Paid,Azure,RES-5264,1.49,25.81,47.89,CC-893
INV-10742,Christian Medical College,Cardiology,Compute,us-east-1,86.0,297.17,22.61,2023-11-29,Paid,Azure,RES-9369,83.15,58.06,26.21,CC-698
INV-11018,Narayana Health,Pediatrics,Networking,ap-south-1,582.84,458.56,96.6,2023-11-29,Overdue,Azure,RES-8991,6.77,55.5,95.87,CC-623
INV-10043,Max Healthcare,Emergency,Database,eu-west-1,201.76,404.1,57.52,2023-11-30,Paid,Google Cloud,RES-5022,11.23,51.1,64.38,CC-972
INV-10477,Christian Medical College,Emergency,AI Services,ap-south-1,594.85,252.32,235.68,2023-11-30,Paid,AWS,RES-8425,36.69,66.39,241.41,CC-627
INV-10256,Apollo Hospitals,Pharmacy,Storage,eu-west-1,603.65,288.76,96.32,2023-12-01,Pending,AWS,RES-1152,3.2,47.77,93.99,CC-310
INV-10351,Narayana Health,Emergency,Networking,us-east-1,613.13,464.33,101.26,2023-12-01,Paid,AWS,RES-3450,13.04,63.74,107.06,CC-678
INV-10504,Max Healthcare,Emergency,Networking,ap-south-1,119.44,149.27,20.9,2023-12-01,Paid,Google Cloud,RES-2574,16.22,72.55,24.48,CC-467
INV-10704,Max Healthcare,IT Dept,Security,us-west-2,647.52,148.46,100.1,2023-12-01,Pending,AWS,RES-1847,11.17,30.85,113.7,CC-775
INV-10851,Christian Medical College,Oncology,Compute,eu-central-1,306.85,209.13,60.25,2023-12-01,Paid,Google Cloud,RES-7697,26.81,12.47,65.25,CC-182
INV-10189,Fortis Healthcare,Oncology,Networking,us-east-1,100.09,433.04,23.67,2023-12-02,Paid,Azure,RES-3329,5.74,70.47,26.71,CC-601
INV-10237,Tata Memorial,Radiology,Networking,ap-south-1,354.77,304.48,59.31,2023-12-02,Paid,Azure,RES-7484,1.71,33.41,64.21,CC-139
INV-10355,Narayana Health,Orthopedics,Security,ap-south-1,27.19,152.41,7.13,2023-12-02,Paid,Google Cloud,RES-4825,19.77,62.38,7.36,CC-145
INV-10897,Tata Memorial,IT Dept,Compute,eu-west-1,555.64,461.94,111.1,2023-12-02,Paid,Azure,RES-8476,40.02,85.86,126.89,CC-662
INV-10085,AIIMS,Research,IoT Hub,us-east-1,598.92,133.72,92.51,2023-12-03,Paid,Google Cloud,RES-3347,4.43,69.73,92.69,CC-990
INV-10309,Max Healthcare,IT Dept,Analytics,us-east-1,670.84,259.08,105.81,2023-12-03,Paid,AWS,RES-1590,27.33,76.64,117.4,CC-790
INV-10510,Max Healthcare,IT Dept,Analytics,eu-west-1,695.72,300.94,110.38,2023-12-03,Paid,Azure,RES-7471,53.32,62.57,111.29,CC-806
INV-10516,Manipal Hospitals,Pharmacy,Security,ap-southeast-1,342.61,441.59,60.22,2023-12-03,Paid,Google Cloud,RES-8738,14.74,43.18,71.2,CC-468
INV-10629,Medanta,Radiology,IoT Hub,us-west-2,10.06,150.3,4.52,2023-12-03,Paid,Azure,RES-9035,18.98,54.15,4.96,CC-690
INV-11075,Christian Medical College,Pharmacy,Compute,eu-west-1,673.0,390.38,130.51,2023-12-03,Pending,AWS,RES-8420,59.61,48.92,131.9,CC-137
INV-11081,Fortis Healthcare,Research,IoT Hub,ap-south-1,221.26,447.66,42.14,2023-12-03,Paid,Google Cloud,RES-1852,15.29,13.46,43.24,CC-375
INV-10610,Manipal Hospitals,Radiology,Analytics,ap-southeast-1,627.6,257.46,99.29,2023-12-04,Paid,Google Cloud,RES-6901,68.76,10.27,117.42,CC-748
INV-10707,Max Healthcare,Oncology,Backup,us-east-1,412.78,303.33,67.98,2023-12-04,Paid,AWS,RES-1082,1.6,92.95,71.05,CC-659
INV-10770,Apollo Hospitals,Pharmacy,Backup,ap-south-1,187.86,326.52,34.71,2023-12-04,Pending,Azure,RES-3929,15.66,11.05,38.12,CC-967
INV-11157,Apollo Hospitals,Emergency,IoT Hub,us-west-2,606.88,90.22,92.84,2023-12-04,Paid,AWS,RES-6997,12.95,37.87,111.19,CC-775
INV-10286,Fortis Healthcare,Pediatrics,Analytics,eu-central-1,31.88,78.16,6.35,2023-12-05,Paid,Azure,RES-3360,29.57,73.47,7.33,CC-749
INV-10524,Max Healthcare,Pharmacy,Storage,eu-west-1,631.83,4864.67,192.07,2023-12-05,Pending,Google Cloud,RES-6638,8.97,85.29,223.2,CC-421
INV-11113,Medanta,Research,AI Services,ap-south-1,44.79,155.06,24.55,2023-12-05,Paid,Azure,RES-1868,25.15,59.03,26.16,CC-581
INV-10602,Max Healthcare,Pediatrics,AI Services,ap-southeast-1,607.48,6.17,228.11,2023-12-06,Paid,Google Cloud,RES-9495,78.62,64.77,232.51,CC-182
INV-11014,Narayana Health,Orthopedics,Analytics,us-west-2,347.08,239.37,56.85,2023-12-06,Pending,AWS,RES-3080,18.82,42.97,60.4,CC-249
INV-10614,AIIMS,Pediatrics,AI Services,eu-west-1,348.17,448.76,153.0,2023-12-07,Paid,Azure,RES-6452,20.96,21.54,171.0,CC-808
INV-10820,Narayana Health,Oncology,Security,ap-southeast-1,296.25,418.86,52.81,2023-12-07,Pending,AWS,RES-3827,13.72,15.52,55.47,CC-185
INV-10963,Fortis Healthcare,Oncology,Analytics,eu-west-1,85.14,60.99,13.99,2023-12-07,Paid,Azure,RES-1062,72.67,26.96,12.93,CC-193
INV-11058,Manipal Hospitals,Pediatrics,Storage,eu-central-1,125.59,2389.67,66.63,2023-12-07,Pending,Azure,RES-4852,9.6,90.89,73.03,CC-528
INV-11078,Medanta,Cardiology,Compute,us-east-1,694.5,68.46,126.65,2023-12-07,Paid,Azure,RES-9699,32.99,42.26,126.9,CC-176
INV-10475,Fortis Healthcare,Orthopedics,Security,eu-central-1,251.07,307.41,43.81,2023-12-08,Pending,Google Cloud,RES-9779,7.9,47.06,50.57,CC-960
INV-10693,Apollo Hospitals,Research,AI Services,us-east-1,420.73,72.31,161.39,2023-12-08,Pending,Google Cloud,RES-3465,69.1,80.0,185.21,CC-114
INV-10789,Christian Medical College,Pediatrics,Compute,us-west-2,92.69,176.86,20.93,2023-12-09,Paid,Azure,RES-8429,17.04,77.43,20.89,CC-382
INV-10833,AIIMS,Research,Compute,ap-south-1,535.7,293.21,103.46,2023-12-09,Paid,Azure,RES-1026,29.73,61.72,104.57,CC-942
INV-11021,AIIMS,Pediatrics,Backup,ap-southeast-1,477.97,384.16,79.38,2023-12-09,Paid,Azure,RES-9892,17.92,21.84,78.47,CC-470
INV-11117,Medanta,Oncology,IoT Hub,ap-southeast-1,483.56,153.75,75.61,2023-12-09,Paid,Google Cloud,RES-9656,6.65,11.76,85.21,CC-839
INV-10391,Narayana Health,Pediatrics,Security,us-west-2,584.6,39.27,88.48,2023-12-10,Pending,Google Cloud,RES-8672,18.53,74.98,82.1,CC-815
INV-10988,Christian Medical College,Cardiology,Analytics,ap-southeast-1,373.38,202.85,60.06,2023-12-10,Pending,Google Cloud,RES-5892,26.45,13.54,67.44,CC-304
INV-10995,Medanta,IT Dept,AI Services,ap-south-1,203.09,436.0,421.26,2023-12-10,Pending,AWS,RES-9004,30.9,48.08,489.53,CC-545
INV-11016,Apollo Hospitals,Radiology,Networking,us-east-1,525.81,186.84,82.61,2023-12-10,Paid,AWS,RES-9348,9.55,81.09,96.84,CC-909
INV-10273,Manipal Hospitals,Orthopedics,Backup,eu-west-1,104.2,355.2,22.73,2023-12-11,Pending,Azure,RES-6771,19.53,25.11,24.8,CC-879
INV-10352,Narayana Health,Research,AI Services,us-west-2,529.42,196.44,208.35,2023-12-11,Paid,AWS,RES-3425,49.66,60.59,201.4,CC-503
INV-10607,Apollo Hospitals,Pharmacy,AI Services,eu-central-1,549.98,4.75,206.48,2023-12-11,Paid,Azure,RES-9557,33.68,91.19,234.72,CC-316
INV-10910,Fortis Healthcare,Neurology,AI Services,ap-south-1,513.61,301.9,891.9,2023-12-11,Paid,Google Cloud,RES-9564,82.56,71.05,920.51,CC-984
INV-10087,Apollo Hospitals,Oncology,Database,ap-southeast-1,67.92,221.56,21.93,2023-12-12,Paid,AWS,RES-8043,9.06,61.6,21.16,CC-453
INV-10390,Christian Medical College,Cardiology,Database,us-east-1,45.82,191.8,16.06,2023-12-12,Paid,Azure,RES-8304,2.64,43.31,18.75,CC-806
INV-10557,Christian Medical College,Emergency,Compute,ap-south-1,565.88,227.04,107.31,2023-12-12,Paid,Google Cloud,RES-4172,39.21,26.36,115.74,CC-908
INV-10586,Narayana Health,Oncology,AI Services,eu-west-1,387.93,221.03,156.53,2023-12-12,Paid,AWS,RES-7399,14.25,63.96,171.99,CC-205
INV-10694,Christian Medical College,Oncology,Analytics,ap-south-1,298.53,260.35,49.99,2023-12-12,Paid,AWS,RES-2596,10.33,48.3,46.88,CC-692
INV-11119,Apollo Hospitals,Oncology,Networking,us-west-2,272.02,271.73,46.24,2023-12-12,Paid,Google Cloud,RES-7181,4.55,26.29,51.73,CC-581
INV-10176,Max Healthcare,Pharmacy,Storage,ap-southeast-1,469.19,4835.72,167.09,2023-12-13,Paid,Google Cloud,RES-9499,7.3,77.68,155.32,CC-864
INV-11103,Max Healthcare,Pediatrics,IoT Hub,eu-west-1,386.91,450.46,67.05,2023-12-13,Paid,Google Cloud,RES-9730,12.24,91.76,66.98,CC-948
INV-10097,Narayana Health,Neurology,Security,us-east-1,284.46,126.0,45.19,2023-12-14,Paid,Google Cloud,RES-3317,17.18,91.97,42.71,CC-779
INV-10291,Manipal Hospitals,Emergency,Backup,ap-south-1,530.41,438.94,88.34,2023-12-14,Paid,AWS,RES-2343,9.79,40.49,94.13,CC-721
INV-10383,Apollo Hospitals,Research,Backup,ap-southeast-1,234.01,267.94,40.46,2023-12-14,Paid,Google Cloud,RES-5595,4.96,68.27,47.19,CC-252
INV-10446,Narayana Health,Neurology,Analytics,us-east-1,401.18,154.04,63.26,2023-12-14,Paid,AWS,RES-4197,45.75,81.47,58.69,CC-756
INV-10438,Manipal Hospitals,Radiology,Security,ap-south-1,310.28,27.23,47.09,2023-12-15,Paid,Google Cloud,RES-9730,8.08,48.45,54.1,CC-644
INV-10927,Apollo Hospitals,Pharmacy,Storage,ap-southeast-1,274.93,884.14,222.11,2023-12-16,Overdue,AWS,RES-7141,19.31,54.98,201.74,CC-676
INV-10427,Medanta,Cardiology,AI Services,us-east-1,609.09,455.74,251.2,2023-12-17,Paid,AWS,RES-8121,54.28,23.58,230.15,CC-314
INV-10471,Christian Medical College,Neurology,Analytics,eu-west-1,392.97,234.91,63.64,2023-12-17,Paid,Google Cloud,RES-6779,60.04,23.29,62.3,CC-486
INV-10735,Narayana Health,Pediatrics,Compute,us-east-1,114.46,340.46,28.77,2023-12-17,Paid,Azure,RES-5828,56.56,34.63,27.3,CC-166
INV-10732,Narayana Health,Research,Analytics,us-east-1,378.71,319.9,63.2,2023-12-18,Paid,Azure,RES-5003,23.16,44.88,75.73,CC-131
INV-11158,Apollo Hospitals,Radiology,IoT Hub,eu-central-1,198.09,284.72,35.41,2023-12-18,Overdue,AWS,RES-6363,14.92,54.44,33.72,CC-242
INV-11197,Max Healthcare,Neurology,AI Services,us-west-2,666.03,480.06,273.76,2023-12-18,Pending,AWS,RES-2462,46.5,73.98,255.84,CC-789
INV-10032,Christian Medical College,Emergency,AI Services,us-west-2,13.94,375.48,24.0,2023-12-19,Overdue,Google Cloud,RES-8611,78.53,19.06,22.87,CC-630
INV-10123,Manipal Hospitals,Emergency,Backup,eu-central-1,52.54,219.8,12.28,2023-12-19,Pending,AWS,RES-6658,10.2,27.34,12.2,CC-851
INV-10224,Manipal Hospitals,Pharmacy,Database,eu-central-1,219.11,88.85,51.97,2023-12-19,Pending,Azure,RES-1530,1.03,69.67,60.04,CC-681
INV-10455,Narayana Health,Pediatrics,Backup,eu-west-1,267.39,267.21,45.45,2023-12-19,Pending,Google Cloud,RES-6575,7.68,22.22,44.74,CC-521
INV-10591,AIIMS,Oncology,Security,us-west-2,235.76,425.78,43.88,2023-12-19,Paid,Google Cloud,RES-4808,10.16,38.48,47.19,CC-755
INV-10821,Christian Medical College,Cardiology,Backup,ap-southeast-1,368.88,86.48,202.43,2023-12-19,Paid,AWS,RES-2410,15.19,81.22,203.48,CC-681
INV-10974,Tata Memorial,Pediatrics,Security,eu-west-1,623.51,184.78,97.22,2023-12-19,Paid,Azure,RES-4824,19.44,15.37,99.66,CC-434
INV-10011,Tata Memorial,Pharmacy,Networking,us-west-2,152.82,155.86,26.04,2023-12-20,Paid,Google Cloud,RES-2049,19.91,65.24,27.48,CC-330
INV-10075,Christian Medical College,Pharmacy,Networking,ap-south-1,273.08,221.69,45.4,2023-12-20,Paid,AWS,RES-6876,19.06,82.71,50.2,CC-760
INV-10350,Fortis Healthcare,Radiology,Analytics,us-west-2,509.02,409.76,390.33,2023-12-20,Pending,Azure,RES-6478,18.49,64.59,395.98,CC-889
INV-10553,Fortis Healthcare,Pharmacy,Storage,eu-west-1,310.91,418.48,55.01,2023-12-20,Paid,AWS,RES-8077,5.75,23.98,59.84,CC-591
INV-10575,Manipal Hospitals,Emergency,Networking,eu-west-1,391.7,163.04,62.02,2023-12-20,Overdue,Azure,RES-7404,1.44,76.76,58.68,CC-438
INV-11092,Fortis Healthcare,Pediatrics,Security,ap-southeast-1,80.17,431.0,20.65,2023-12-20,Overdue,Azure,RES-4952,10.81,36.37,18.98,CC-209
INV-10226,Christian Medical College,Cardiology,Backup,us-west-2,58.13,128.33,11.29,2023-12-21,Overdue,AWS,RES-9078,3.05,10.11,12.64,CC-523
INV-10603,Manipal Hospitals,Emergency,Database,eu-central-1,224.58,483.84,65.05,2023-12-21,Pending,Azure,RES-2456,13.51,42.54,66.58,CC-845
INV-10458,Medanta,Cardiology,Compute,us-west-2,111.08,113.29,22.71,2023-12-22,Pending,AWS,RES-1308,21.16,21.07,25.15,CC-179
INV-10828,Christian Medical College,Pharmacy,Analytics,ap-southeast-1,318.83,199.67,51.82,2023-12-22,Paid,Google Cloud,RES-1657,84.23,31.47,51.89,CC-407
INV-10036,Apollo Hospitals,Orthopedics,Networking,eu-central-1,23.87,440.33,12.39,2023-12-23,Paid,Google Cloud,RES-7865,11.94,50.54,12.26,CC-955
INV-10136,Manipal Hospitals,Orthopedics,IoT Hub,ap-south-1,202.85,54.61,31.52,2023-12-23,Paid,Google Cloud,RES-1860,15.08,30.34,36.93,CC-338
INV-11007,Fortis Healthcare,Research,Database,eu-central-1,411.19,400.65,104.54,2023-12-23,Paid,Azure,RES-8401,11.18,71.57,97.78,CC-278
INV-10191,Apollo Hospitals,Neurology,Analytics,eu-west-1,264.34,31.67,40.28,2023-12-24,Paid,Google Cloud,RES-5646,57.56,28.52,38.81,CC-948
INV-10582,Medanta,Research,Backup,eu-west-1,525.84,451.12,87.9,2023-12-24,Paid,AWS,RES-2723,18.27,44.96,82.31,CC-873
INV-10968,Apollo Hospitals,Neurology,Security,ap-southeast-1,493.57,339.1,80.82,2023-12-24,Pending,Azure,RES-7069,2.25,32.31,83.67,CC-591
INV-10068,AIIMS,Pharmacy,Security,ap-southeast-1,219.61,488.97,42.72,2023-12-25,Pending,Azure,RES-9138,13.51,33.33,47.24,CC-150
INV-10264,Manipal Hospitals,Radiology,IoT Hub,ap-southeast-1,448.95,216.42,71.67,2023-12-25,Paid,Google Cloud,RES-1894,14.81,50.96,78.29,CC-946
INV-10486,Medanta,Research,Networking,ap-south-1,267.63,406.13,48.27,2023-12-25,Overdue,Google Cloud,RES-5186,3.32,83.69,49.07,CC-502
INV-10525,Apollo Hospitals,Pediatrics,IoT Hub,ap-southeast-1,296.8,321.94,50.96,2023-12-25,Paid,AWS,RES-7627,17.86,63.07,52.62,CC-931
INV-10649,AIIMS,Orthopedics,Analytics,eu-west-1,528.62,305.55,85.4,2023-12-25,Paid,AWS,RES-1628,26.79,82.66,80.67,CC-510
INV-10696,Apollo Hospitals,Pediatrics,Backup,ap-southeast-1,364.38,499.52,64.65,2023-12-25,Overdue,AWS,RES-2857,8.87,39.9,66.44,CC-443
INV-10955,Max Healthcare,Research,IoT Hub,eu-west-1,708.15,344.98,113.12,2023-12-25,Paid,Azure,RES-1645,18.17,92.97,106.78,CC-873
INV-10959,Narayana Health,Oncology,Storage,eu-west-1,227.71,2272.21,79.6,2023-12-25,Paid,AWS,RES-6454,9.23,13.44,89.78,CC-182
INV-10979,Tata Memorial,Pediatrics,AI Services,eu-central-1,591.2,5.46,955.21,2023-12-25,Paid,Azure,RES-3418,33.23,22.25,1078.16,CC-576
INV-11156,AIIMS,Emergency,Compute,eu-central-1,53.37,430.45,19.94,2023-12-25,Pending,Azure,RES-6981,54.19,86.53,22.78,CC-115
INV-11013,Manipal Hospitals,Orthopedics,Database,ap-south-1,287.4,185.93,70.24,2023-12-26,Paid,AWS,RES-3245,10.69,11.03,68.82,CC-410
INV-10222,Narayana Health,Cardiology,Storage,us-west-2,661.23,3883.11,176.85,2023-12-27,Overdue,Google Cloud,RES-2655,17.08,83.16,178.99,CC-505
INV-10463,Fortis Healthcare,Research,Database,eu-central-1,214.67,361.07,59.13,2023-12-27,Pending,Azure,RES-8273,2.56,51.97,61.32,CC-803
INV-10549,Christian Medical College,Radiology,Storage,ap-south-1,511.95,1084.98,98.49,2023-12-27,Paid,Azure,RES-3793,4.73,79.8,114.34,CC-605
INV-10954,Narayana Health,Pharmacy,Analytics,eu-central-1,134.4,151.62,23.19,2023-12-27,Paid,Azure,RES-7712,81.41,23.58,22.01,CC-733
INV-11006,Christian Medical College,Cardiology,Security,ap-south-1,616.8,108.28,94.69,2023-12-27,Pending,Google Cloud,RES-8281,8.8,10.87,109.73,CC-618
INV-10445,Apollo Hospitals,Research,IoT Hub,ap-south-1,219.85,447.99,41.94,2023-12-28,Pending,Google Cloud,RES-8243,19.42,74.1,46.14,CC-846
INV-10728,Max Healthcare,Orthopedics,Security,eu-west-1,433.38,366.94,72.35,2023-12-28,Paid,Azure,RES-4909,2.79,52.78,75.46,CC-804
INV-10096,Fortis Healthcare,Research,Database,us-east-1,320.81,219.71,78.77,2023-12-29,Paid,AWS,RES-1857,10.93,23.49,77.58,CC-446
INV-10098,Narayana Health,Pediatrics,Networking,us-west-2,675.98,154.79,104.49,2023-12-29,Pending,Google Cloud,RES-9624,8.16,77.29,115.05,CC-856
INV-10279,Medanta,IT Dept,IoT Hub,ap-south-1,235.68,109.98,37.55,2023-12-29,Paid,AWS,RES-6724,4.49,15.79,38.48,CC-194
INV-10443,Max Healthcare,Research,Backup,us-west-2,501.93,333.18,297.76,2023-12-29,Paid,AWS,RES-4361,3.92,30.22,279.28,CC-288
INV-10502,Narayana Health,Oncology,Storage,us-east-1,478.27,2297.57,581.34,2023-12-29,Overdue,Azure,RES-3118,19.15,60.51,637.64,CC-432
INV-10920,Tata Memorial,Pharmacy,Database,us-east-1,347.77,156.74,82.95,2023-12-29,Paid,Google Cloud,RES-4669,16.34,61.35,92.51,CC-667
INV-11191,Tata Memorial,IT Dept,Compute,us-west-2,645.72,163.44,120.15,2023-12-29,Paid,Azure,RES-2614,61.58,57.46,116.89,CC-931
INV-10392,Fortis Healthcare,IT Dept,Backup,eu-west-1,554.21,235.27,87.84,2023-12-30,Paid,Google Cloud,RES-6412,19.0,22.22,85.86,CC-287
INV-10584,AIIMS,Cardiology,Storage,ap-south-1,661.17,1669.2,132.56,2023-12-30,Paid,AWS,RES-3297,15.22,51.2,141.11,CC-548
INV-10948,Medanta,Oncology,Storage,eu-central-1,634.66,4265.83,180.52,2023-12-30,Paid,Azure,RES-8546,19.76,20.63,173.74,CC-527
INV-10655,Apollo Hospitals,Oncology,AI Services,eu-central-1,189.29,438.54,92.91,2023-12-31,Paid,Google Cloud,RES-2923,85.96,87.08,108.56,CC-834
INV-10845,Narayana Health,Orthopedics,Compute,ap-southeast-1,442.61,230.32,85.2,2023-12-31,Paid,Azure,RES-6580,47.45,60.59,88.84,CC-451
INV-10977,Fortis Healthcare,IT Dept,Networking,us-west-2,111.59,423.89,25.22,2023-12-31,Pending,Azure,RES-3394,2.12,30.96,25.17,CC-594
INV-10982,Medanta,Radiology,Storage,ap-southeast-1,103.63,366.2,22.87,2024-01-01,Paid,AWS,RES-6903,2.29,22.88,27.03,CC-872
